"name","name_hira","age","birthday","sex","bio","email","tel","mobile","postcode","address","company","credit","validity","mynumber"
"菅野 幸恵","かんの ゆきえ",72,"1951年08月30日","女","B","kanno_830@example.ne.jp","03-3320-3959","090-0364-4208","196-8310","東京都品川区大崎3-1-6","","3556645630564684","01/26","667062351475"
"齊藤 舞","さいとう まい",32,"1991年07月17日","女","O","mai_saito@example.com","0494-85-4881","090-4201-8354","338-1503","埼玉県八潮市八潮1-3-4","新幸商事合資会社","5144690411040110","06/26","996809303533"
"久我 奈緒子","くが なおこ",75,"1948年03月10日","女","A","naoko_kuga@example.com","093-801-2301","070-9050-6031","835-1109","福岡県福岡市南区柏原1-5-22","","3541800896181974","11/26","342435527750"
"安部 直樹","あべ なおき",45,"1978年01月11日","男","O","naoki_abe@example.ne.jp","0740-49-4822","070-2738-1622","525-1376","滋賀県大津市京町2-3-403ランズ216","株式会社エクセレント","3571272422165264","08/24","243685138298"
"菊池 茂樹","きくち しげき",73,"1950年06月15日","男","O","kikuchi_shigeki@example.org","06-2895-7251","050-5707-3391","568-8130","大阪府大阪市淀川区西中島4-1-5ジオグランデ116","","4530089022982312","08/25","274173282004"
"大倉 義一","おおくら よしかず",35,"1988年04月30日","男","A","okurayoshikazu@example.com","03-0463-9873","080-6513-2603","166-6453","東京都杉並区高円寺南2-3-603ルジェンテ・リベル505","有限会社松屋","3538597609243878","10/26","209640263144"
"渋谷 彩子","しぶや さいこ",28,"1995年03月04日","女","A","shibuyasaiko@example.jp","0256-23-4362","080-2745-3800","958-7153","新潟県新潟市西区坂井砂山2-4-305","エールアドエイジェンシー合同会社","4961211338114368","12/27","004641014309"
"村上 伸弥","むらかみ しんや",35,"1987年12月05日","男","A","shinya_murakami@example.jp","048-633-4422","050-1433-6347","332-2541","埼玉県川口市上青木西3-3-18","合名会社桑山運送店","4670253068444153","03/27","840035707024"
"村上 麻由","むらかみ まゆ",70,"1953年02月21日","女","B","murakami_mayu@example.jp","06-4444-1361","050-1991-6069","566-6934","大阪府大阪市西区立売堀3-2-9","","3533594351295912","11/26","194767710495"
"菊池 義紀","きくち よしのり",45,"1978年01月25日","男","O","kikuchi125@example.co.jp","03-1660-1700","090-5991-0096","123-5318","東京都大田区西六郷1-5-402","有限会社ニーズ","3545860218721309","07/24","889420657096"
"篠崎 則行","しのざき のりゆき",62,"1961年06月05日","男","O","shinozakinoriyuki@example.co.jp","092-981-8157","090-0222-5487","834-4174","福岡県北九州市門司区吉志3-3-1005","","376423026779496","11/26","868255102141"
"中村 篤","なかむら あつし",67,"1956年03月25日","男","A","nakamuraatsushi@example.jp","03-6669-3704","070-7546-2250","144-0044","東京都新宿区高田馬場1-2-11","","4990465156172008","08/24","826340302341"
"熊谷 慶久","くまがい よしひさ",64,"1959年10月27日","男","AB","kumagai1027@example.org","05979-0-3177","050-5763-6876","513-7881","三重県四日市市日永西3-3-1007","","5118567205375062","06/26","615071741367"
"岡崎 康彦","おかざき やすひこ",62,"1961年06月19日","男","A","okazaki_yasuhiko@example.org","03-4795-0708","080-9943-1897","177-9051","東京都世田谷区中町1-2-506","","5534451444342694","06/26","957606493102"
"長谷川 友和","はせがわ ともかず",51,"1972年03月17日","男","O","hasegawa_tomokazu@example.co.jp","0761-59-3583","090-1760-3341","920-4671","石川県金沢市泉野町1-5-14","有限会社ツカサ","378474587243032","10/25","954708082272"
"荒木 誠","あらき まこと",77,"1946年11月01日","男","O","makoto_araki@example.org","03-4126-6873","070-5179-8084","172-7480","東京都千代田区飯田橋2-5-707","","5239463945483370","04/27","218570671567"
"菊地 恵理子","きくち えりこ",31,"1992年09月02日","女","B","kikuchieriko@example.jp","0897-16-2790","080-4645-1274","796-9063","愛媛県今治市天保山町3-1-7ルジェンテ・リベル503","有限会社大光","4214257888623121","01/26","422764544058"
"岩井 希","いわい のぞみ",62,"1961年09月25日","女","O","iwai925@example.org","03-8173-9707","070-2474-6452","186-2204","東京都世田谷区深沢3-5-20","","372221865403622","09/24","316151921199"
"加藤 幸弘","かとう ゆきひろ",65,"1958年07月22日","男","A","katoyukihiro@example.org","0799-23-2263","050-0816-0824","679-3446","兵庫県伊丹市瑞ケ丘1-2-14ピアン816","","4818225936050209","05/24","490736998367"
"中井 篤志","なかい あつし",60,"1963年05月01日","男","B","nakaiatsushi@example.org","03-9723-0332","070-6651-6352","205-3740","東京都板橋区板橋1-2-10","株式会社アオキ","4356616242527781","04/26","139226696642"
"赤井 正弘","あかい まさひろ",73,"1949年12月08日","男","AB","akaimasahiro@example.org","0277-33-2489","080-1683-4173","376-1866","群馬県桐生市広沢町2-5-1106","","5393578662720043","08/26","248525683690"
"後藤 雅之","ごとう まさゆき",36,"1987年05月04日","男","A","goto54@example.co.jp","03-6576-5489","080-7742-6605","206-6381","東京都墨田区立川2-4-5","有限会社ファミリー","5427752821743259","05/27","345740968430"
"牧野 由紀子","まきの ゆきこ",57,"1966年04月22日","女","B","makinoyukiko@example.com","03-4201-2859","090-9193-8057","123-6332","東京都渋谷区千駄ヶ谷2-5-13","株式会社クリエイト","4098023024763952","12/27","512902618270"
"森本 純子","もりもと じゅんこ",68,"1955年10月18日","女","A","junkomorimoto@example.org","03-1235-1023","080-2573-9197","181-3867","東京都港区赤坂3-5-609","","3536498005546448","12/25","352608686790"
"池間 亮","いけま りょう",55,"1968年02月03日","男","A","ryou_ikema@example.com","03-3052-2422","080-3926-2666","177-6546","東京都葛飾区白鳥2-5-904","株式会社オオツカ","3574596435129074","08/26","335612324362"
"佐藤 聡司","さとう さとし",70,"1953年08月04日","男","A","satoshisato@example.co.jp","0197-71-2512","070-4065-4739","022-1449","岩手県盛岡市青山2-1-4","","379786961281620","08/27","776849152082"
"西岡 英章","にしおか ひであき",65,"1958年08月14日","男","O","hideakinishioka@example.net","0172-61-9110","050-0270-6456","035-8763","青森県弘前市大字樹木2-2-7エルズ402","","376057650877570","05/24","425302398551"
"末永 浩一","すえなが こういち",21,"2002年06月16日","男","AB","suenaga_616@example.net","03-5497-7412","080-5657-2950","204-2998","東京都東村山市秋津町1-2-20","合同会社Ｄｏｍ１４０","3589752803062834","01/24","424841612315"
"石関 美代","いしぜき みよ",62,"1961年08月23日","女","O","miyoishizeki@example.co.jp","03-6731-2551","080-9229-0339","190-9441","東京都青梅市河辺町1-1-3","","4124796834665925","12/24","228418274493"
"宮本 隆","みやもと たかし",39,"1984年04月27日","男","O","miyamoto427@example.jp","03-0989-6564","090-5270-1788","193-8550","東京都江戸川区大杉3-3-14","株式会社フォルテ","5275451620378945","10/27","000507046460"
"下川 健太郎","しもかわ けんたろう",69,"1954年09月11日","その他・不明","A","shimokawa_kentarou@example.com","0465-63-4070","080-5080-6544","215-2953","神奈川県鎌倉市大船1-1-3","","4834770062261831","02/28","363454611000"
"志水 翔太","しみず しょうた",56,"1967年05月02日","男","AB","shimizu_shouta@example.com","0137-03-3583","070-9375-4498","085-6735","北海道札幌市豊平区福住一条2-2-7","合同会社Ｋ・Ｓ・ＬＡＮＫＡ","5156746758560972","04/26","240575197699"
"小野原 俊浩","おのはら としひろ",80,"1943年09月15日","男","O","onohara_toshihiro@example.jp","06-8435-7815","050-2458-3992","559-6475","大阪府大阪市生野区巽西2-3-3","","5580194906069818","03/28","796497907550"
"久保 秀雄","くぼ ひでお",37,"1986年01月30日","男","B","kubo130@example.net","0957-96-4330","090-3919-0439","858-7782","長崎県長崎市西山1-2-1209エスペランス214","","3577513172803065","05/25","315631362320"
"篠原 豪介","しのはら ごうすけ",71,"1952年01月18日","男","O","shinohara_gousuke@example.ne.jp","0581-91-1172","050-2430-1475","500-5564","岐阜県岐阜市長良桜井町1-4-403","","5588175039204895","07/24","988166505793"
"竹下 直美","たけした なおみ",76,"1947年10月21日","女","O","takeshita1021@example.net","0930-06-9394","070-5309-0251","835-9778","福岡県福岡市城南区別府3-1-19","","4463604362753643","05/26","364395393350"
"田中 侑子","たなか ゆうこ",77,"1945年12月14日","女","A","tanaka_yuuko@example.jp","06-9987-6908","090-4816-7629","535-6258","大阪府大阪市城東区蒲生1-1-6コンドミニアム603","","5264679276419984","02/27","015857105580"
"川崎 泉","かわさき いずみ",60,"1963年07月21日","その他・不明","O","kawasaki_izumi@example.org","096-457-9179","050-1687-7392","863-6224","熊本県熊本市東区小峯2-3-301","株式会社大幸","379980010943690","04/28","395088865159"
"曽我 大輔","そが だいすけ",67,"1956年11月04日","男","B","soga_daisuke@example.org","0533-11-7955","070-5377-0323","457-9756","愛知県東海市中ノ池1-4-109","","3559590863014329","11/23","779226537942"
"大岩 有香","おおいわ ゆか",37,"1986年03月16日","その他・不明","AB","oiwa_yuka@example.co.jp","0562-88-8042","050-0599-4570","460-4484","愛知県名古屋市北区上飯田北町2-1-8","株式会社イデアル","3552510642687887","09/27","654070672170"
"市川 洋太","いちかわ ようた",62,"1961年05月24日","男","B","ichikawa_524@example.ne.jp","06-6273-6551","070-4572-3142","568-1301","大阪府大阪市西区南堀江3-5-22","","3532264767050118","03/28","596310651486"
"山田 めぐみ","やまだ めぐみ",73,"1949年12月23日","女","O","yamada_megumi@example.org","0940-64-3485","070-7900-5075","805-1358","福岡県北九州市八幡西区小嶺台3-2-17","","3589031791065889","04/26","007965692368"
"布施 真和","ふせ まさかず",74,"1949年05月01日","男","B","fuse51@example.jp","0985-08-2440","050-7625-7992","883-3909","宮崎県宮崎市祇園2-1-8","","379738782314247","05/27","444078193650"
"佐々木 麻衣子","ささき まいこ",77,"1946年11月22日","女","B","maiko_sasaki@example.com","03-8194-6227","090-6666-8991","206-1962","東京都港区芝浦2-3-9","","375402358756877","12/26","471849848332"
"大坂 徹","おおさか とおる",22,"2001年11月12日","その他・不明","O","osaka_1112@example.co.jp","03-8924-5029","050-2347-8082","109-6021","東京都千代田区飯田橋2-1-10","有限会社アクアテック","372378564881522","01/25","291205071576"
"小林 直人","こばやし なおと",59,"1964年05月24日","男","O","kobayashi_naoto@example.ne.jp","0790-00-3177","050-1448-2255","655-1103","兵庫県伊丹市瑞ケ丘1-1-16","有限会社アレックス","5586120972395229","03/24","035240280750"
"中田 由美","なかた ゆみ",78,"1945年01月18日","女","A","nakata_yumi@example.jp","03-8068-8914","050-0283-8186","161-9463","東京都港区新橋1-3-8","","4942265089761185","09/24","386983303035"
"伊藤 麻紀子","いとう まきこ",65,"1958年09月07日","女","A","ito_97@example.com","0276-08-6532","070-2235-5129","379-4037","群馬県桐生市本町3-2-9アルビス314","","4152957652466094","12/25","517678897852"
"落合 真治","おちあい しんじ",20,"2003年02月23日","男","A","ochiai_223@example.org","03-9275-6877","080-1516-3721","175-3376","東京都墨田区緑2-4-21エグゼ812","株式会社つなぐ","374259250611035","12/26","093162160786"
"青松 由紀子","あおまつ ゆきこ",53,"1970年02月13日","女","B","aomatsu_yukiko@example.co.jp","06-2149-8117","050-8124-2902","573-1461","大阪府大阪市天王寺区大道3-5-17ワコーレ316","合資会社酒井貫一郎商店","3572352470901114","01/24","082025856089"
"島田 大輔","しまだ だいすけ",43,"1980年03月05日","男","A","shimada35@example.net","04-6470-5116","090-6140-3141","344-4996","埼玉県草加市瀬崎2-3-15","有限会社ランドマーク","378879990979818","03/28","374010998740"
"菅原 雄太","すがわら ゆうた",46,"1977年06月21日","男","A","sugawara_yuuta@example.ne.jp","03-7442-5718","080-6583-3396","125-9648","東京都港区虎ノ門3-5-19ゾフィー710","サムシングコーポレーション有限会社","3545769177572605","12/23","460200854340"
"遠藤 裕史","えんどう ひろふみ",24,"1999年02月17日","男","A","endou_hirofumi@example.ne.jp","06-8996-4718","070-7389-0925","561-9988","大阪府大阪市中央区本町4-2-6","","3548636325103772","05/28","745098048338"
"斎藤 雄一郎","さいとう ゆういちろう",39,"1984年01月21日","男","A","saito_121@example.co.jp","01377-8-1452","090-6282-8093","060-8251","北海道札幌市厚別区大谷地東2-1-9","合同会社介護支援まつもと","3579201234893203","12/27","501159006580"
"佐藤 拓也","さとう たくや",49,"1974年03月30日","男","A","takuyasato@example.co.jp","0288-74-0411","090-9577-5951","323-6111","栃木県宇都宮市大通り1-3-8","合名会社成和機械設計事務所","373929681763073","06/25","896508624305"
"浦上 桜","うらかみ さくら",48,"1975年09月11日","男","A","urakami_911@example.ne.jp","0596-33-8940","050-4650-9331","514-2808","三重県鈴鹿市住吉3-2-4コート501","株式会社わかば","5387821325555374","02/28","215138093774"
"梶本 泰弘","かじもと たいこう",44,"1979年01月05日","その他・不明","O","taiko_kajimoto@example.com","0264-47-8755","050-2119-7797","396-6123","長野県長野市稲里町中央1-4-11","株式会社アップル","3530571501701018","02/25","972048866427"
"津田 卓也","つだ たくや",58,"1965年01月20日","男","O","takuyatsuda@example.org","044-702-6226","050-9548-1519","215-9134","神奈川県藤沢市辻堂元町2-3-1203グルーブ807","株式会社ライフスタイル","5448597515549024","01/27","318165389085"
"北村 佳祐","きたむら けいすけ",65,"1958年11月04日","男","A","keisukekitamura@example.org","03-3953-4423","070-4270-1098","132-5764","東京都墨田区墨田2-2-19","","4602970661672830","05/28","469921132741"
"池田 一裕","いけだ かずひろ",49,"1974年11月08日","男","A","ikeda_kazuhiro@example.org","06-7779-5108","080-7003-5563","583-8562","大阪府大阪市淀川区西中島3-2-5","合資会社ケイズ・スタイル","5443498733881619","04/27","496936119854"
"高野 久夫","たかの ひさお",58,"1965年01月20日","男","O","takano_120@example.jp","0463-07-5791","070-8298-2749","228-2764","神奈川県横浜市栄区笠間4-2-8","株式会社クレア","5434618986686164","09/25","674173005017"
"平林 英明","ひらばやし ひであき",74,"1948年12月06日","男","O","hirabayashi_hideaki@example.ne.jp","03-6855-3884","050-7877-7097","121-5232","東京都渋谷区千駄ヶ谷1-5-1201","","379771159842409","01/25","759155026185"
"溝口 智子","みぞぐち ともこ",60,"1963年02月07日","女","O","mizoguchi_27@example.jp","0463-21-2561","090-6242-2127","254-9532","神奈川県横浜市中区海岸通3-2-7","株式会社三陽","371519167022573","09/27","941982586746"
"仲西 彰","なかにし あきら",47,"1975年12月17日","男","A","nakanishi1217@example.jp","0587-70-9184","080-6801-0186","485-6617","愛知県名古屋市瑞穂区春敲町2-4-7","","3580564983880938","01/24","159541794378"
"天野 直美","あまの なおみ",42,"1981年06月25日","女","O","amano_625@example.co.jp","03-5186-5391","070-8495-9736","151-8064","東京都港区白金1-2-7","合同会社ｉｄｅａ","371290954036693","10/28","066414844970"
"中村 由佳","なかむら ゆか",42,"1981年11月15日","女","B","nakamura_yuka@example.net","028-539-0565","050-5068-3601","326-7392","栃木県宇都宮市若草2-3-3パレ401","株式会社Rise","3542075237746632","04/27","302212226293"
"池畑 晴彦","いけはた はるひこ",70,"1953年04月08日","男","A","ikehataharuhiko@example.co.jp","0569-24-0461","050-0182-5184","459-0259","愛知県東海市富貴ノ台3-1-8","","5545678790490365","11/27","669293337257"
"麻生 晴菜","あそう はるな",74,"1948年11月29日","女","O","aso_1129@example.ne.jp","03-1360-2340","070-7162-1834","111-9392","東京都渋谷区代々木1-3-9","","5221979977690152","02/28","231351481970"
"石井 裕一","いしい ゆういち",26,"1997年04月02日","その他・不明","A","ishiiyuuichi@example.ne.jp","06-7242-2710","080-0984-9717","597-7795","大阪府豊中市上新田1-4-11","株式会社アバンセ","372966154200754","10/28","379895398186"
"平山 千里","ひらやま ちさと",54,"1969年06月24日","女","B","chisatohirayama@example.net","043-302-8085","050-0887-3622","284-9139","千葉県習志野市袖ケ浦1-2-20","有限会社青木商店","5411939191725606","10/24","418036792307"
"和田 直美","わだ なおみ",48,"1975年05月12日","女","B","wadanaomi@example.net","03-1789-2722","070-3021-0098","188-9300","東京都千代田区麹町4-1-10イニシオ709","合資会社バンコー","4415634102757173","11/28","567674211732"
"勝浦 順子","かつうら じゅんこ",64,"1959年03月16日","女","O","junko_katsuura@example.co.jp","0948-90-4607","070-0212-1304","807-0608","福岡県太宰府市梅香苑3-2-18","","3573221004948256","11/25","633614769443"
"佐久間 拓也","さくま たくや",59,"1964年07月08日","男","O","sakuma_takuya@example.jp","03-7747-7027","090-5341-0405","142-8434","東京都江戸川区西瑞江2-1-15","有限会社フジ企画","5349043709699945","06/24","955501056472"
"中澤 京子","なかざわ きょうこ",66,"1956年12月23日","女","O","nakazawa1223@example.com","01655-3-9466","070-4386-4974","044-1896","北海道札幌市北区北十四条西2-1-10","","5345696823898877","02/25","252060111846"
"山崎 彰洋","やまざき あきひろ",43,"1980年02月15日","男","O","yamazakiakihiro@example.com","0946-84-2325","080-6512-8967","801-7244","福岡県福岡市東区多の津3-2-5セレブコート505","有限会社ハッピーライフ","3586093140289332","10/26","258321448744"
"西脇 圭一郎","にしわき けいいちろう",62,"1961年09月19日","男","O","nishiwaki_keiichirou@example.co.jp","03-0745-8305","080-6447-1477","191-7321","東京都中央区日本橋本町3-5-1206","","5126447197011068","10/28","138013769550"
"柴田 真一郎","しばた しんいちろう",28,"1995年06月17日","男","O","shinichirou_shibata@example.org","03-6332-4785","080-0731-2555","195-4800","東京都渋谷区代々木3-3-705","合資会社富田物産舘","4424850300101126","01/24","819351671059"
"浅利 雄史","あさり ゆうし",79,"1944年03月04日","男","AB","asari34@example.com","06-3279-3835","080-4793-6798","548-0074","大阪府大阪市東成区大今里2-1-8","","4044720910791956","03/25","065398154112"
"勝連 豊","かつれん ゆたか",62,"1961年07月19日","男","O","katsurenyutaka@example.net","03-4186-3070","090-7959-7194","156-6275","東京都江戸川区鹿骨1-3-10","","3544937368022158","03/24","961346579048"
"室賀 泉","むろが いずみ",41,"1982年05月23日","女","O","muroga523@example.ne.jp","03-1517-7467","090-6798-8983","165-6221","東京都江東区東陽1-3-6ベルク208","有限会社丸善","3556168163773812","03/28","051710371559"
"山本 洋司","やまもと ひろし",40,"1983年01月07日","男","B","yamamoto_17@example.net","08387-7-0417","080-2861-7493","745-7171","山口県岩国市麻里布町4-3-6","有限会社パッション","3563910124596241","10/28","500505115417"
"湯浅 賢輔","ゆあさ けんすけ",51,"1972年01月09日","男","O","yuasa_kensuke@example.net","0586-61-1565","090-4590-7131","466-1342","愛知県名古屋市中区栄1-5-808ロマネスク114","合同会社ヒルカワ","377127200751085","06/28","987253628013"
"藤田 元気","ふじた げんき",39,"1984年02月27日","男","A","fujita_227@example.org","06-1630-5424","080-2262-0352","579-9128","大阪府大阪市東住吉区今川3-2-6コスモハイツ801","有限会社田中工業","3533717761965150","02/27","074417701170"
"板橋 健太郎","いたばし けんたろう",52,"1971年06月26日","男","AB","kentarou_itabashi@example.co.jp","03-0651-3714","050-3212-8704","185-9141","東京都文京区千駄木2-1-8","有限会社富士商会","3567134942783750","10/28","127110745559"
"佐野 平","さの たいら",74,"1949年08月08日","女","B","taira_sano@example.co.jp","0799-68-1463","090-6871-4289","672-8800","兵庫県神戸市西区糀台3-1-5","","4779423495275765","10/25","134169717318"
"金子 尚子","かねこ なおこ",54,"1969年01月21日","女","A","naoko_kaneko@example.jp","03-5489-9650","050-1640-6916","131-5648","東京都練馬区中村北1-2-15","株式会社ユニゾン","4343582810227376","11/24","179348075110"
"柴谷 祐亮","しばたに ゆうすけ",47,"1976年03月27日","男","A","shibatani_yuusuke@example.org","0158-53-2641","080-6533-8306","076-6645","北海道札幌市北区北二十九条西2-4-18","伊賀自動車販賣合名会社","378512999361429","01/25","963050820354"
"高木 英之","たかぎ ひでゆき",44,"1979年04月14日","男","A","takagi414@example.com","03-7426-0046","070-7634-6656","159-0954","東京都江戸川区鹿骨1-1-8","株式会社マーブル","4482004603744559","10/27","645881125065"
"杉原 博之","すぎはら ひろゆき",32,"1991年02月25日","男","O","sugiharahiroyuki@example.jp","0494-06-2597","080-0662-5457","352-2205","埼玉県志木市中宗岡1-4-504","合同会社ｐｌｏｗｓ","5304607959338173","10/25","244908661997"
"平井 伸","ひらい しん",75,"1948年11月24日","男","AB","hirai_shin@example.jp","0796-65-0250","050-3079-1524","651-9410","兵庫県神戸市兵庫区下沢通2-5-5","","3589451834427922","01/24","685888282079"
"諸岡 美千代","もろおか みちよ",38,"1985年06月22日","女","A","michiyo_morooka@example.net","0291-21-6143","090-1616-7466","303-4515","茨城県取手市新町1-1-13","株式会社アイリス","378599426222050","06/25","802884952289"
"原 亮一","はら りょういち",67,"1956年08月04日","男","A","ryouichi_hara@example.org","0745-29-9685","090-3860-7670","638-3596","奈良県香芝市旭ケ丘1-3-3","","5240189633764261","02/28","017822233821"
"中田 光子","なかた ひかるこ",37,"1986年05月30日","女","O","nakatahikaruko@example.jp","0930-23-6420","080-1318-0492","832-9160","福岡県福岡市中央区平尾2-4-12","","4124774655165325","07/24","179866104506"
"篠塚 壮志","しのづか たけし",51,"1972年06月29日","男","A","takeshishinozuka@example.jp","0225-05-1611","070-4349-2711","989-4707","宮城県仙台市泉区南光台2-5-12","株式会社ハル","5244387103813453","01/24","145667754001"
"宇田 清貴","うだ きよたか",53,"1970年05月22日","男","O","kiyotakauda@example.ne.jp","098-351-1512","070-2823-5474","905-5575","沖縄県那覇市首里金城町1-1-10リビオ504","株式会社シーズン","5164365468581804","03/24","301880568469"
"岩澤 文子","いわさわ あやこ",57,"1966年10月07日","女","A","iwasawa_107@example.jp","093-579-9611","070-2899-9049","837-0761","福岡県福岡市南区井尻2-3-10","合資会社海野材木店","3533541165832075","01/28","422418058058"
"芦田 のぞみ","あしだ のぞみ",42,"1981年10月29日","女","A","nozomiashida@example.jp","03-0753-0068","090-8282-6978","182-9820","東京都西東京市富士町1-2-11コート504","株式会社三和商会","379894883533522","04/25","844846035900"
"林 桂子","はやし けいこ",46,"1977年02月27日","女","A","hayashi227@example.co.jp","03-4516-5938","050-2448-4809","121-5440","東京都町田市原町田2-3-9","有限会社クボタ","372914345289880","09/24","074471211420"
"須田 悟","すだ さとる",37,"1985年12月22日","その他・不明","O","suda_satoru@example.net","03-0482-2928","080-6791-2555","143-4816","東京都荒川区東尾久3-1-6","合資会社濱藤商店","3548272490990692","08/27","684852756981"
"安藤 稔","あんどう みのる",35,"1988年04月12日","男","O","minoru_andou@example.com","046-733-1041","050-2537-2819","213-3371","神奈川県横浜市港北区綱島東4-3-9","合同会社Ｔａｋｅ","5336132127304413","03/26","766138800396"
"澤田 輝","さわだ あきら",78,"1945年05月04日","男","O","sawadaakira@example.net","06-2004-0437","070-4254-5674","574-0993","大阪府泉佐野市中町2-3-701","","3564163895039145","03/24","021087151082"
"森田 和哉","もりた かずや",51,"1972年05月03日","男","B","moritakazuya@example.org","03-3288-6155","050-2727-1351","104-1610","東京都台東区千束3-1-6","農業生産法人リバティーファーム合同会社","4613928397275515","07/27","537911711250"
"池本 美紀","いけもと みき",67,"1956年08月17日","女","O","miki_ikemoto@example.com","0586-49-7520","090-6406-1319","466-6603","愛知県名古屋市緑区桃山3-2-16","","4924436167108886","12/24","940661252807"
"福田 泰介","ふくだ たいすけ",31,"1991年12月30日","男","B","fukudataisuke@example.com","03-7809-2196","070-4652-7621","139-5856","東京都江戸川区春江町3-3-9フォルザ810","合名会社加納商店","5520999783432340","01/26","872930125790"
"武藤 康真","むとう やすなお",21,"2002年08月20日","男","B","mutoyasunao@example.com","0796-94-2323","050-7643-4754","676-5171","兵庫県神戸市兵庫区松本通4-2-5エルグレース816","合資会社滝商店","379585447372049","09/24","408201227223"
"入口 康弘","いりぐち やすひろ",44,"1979年02月18日","男","A","yasuhiroiriguchi@example.ne.jp","03-3376-2277","090-0038-4156","107-5331","東京都西東京市泉町2-2-3","有限会社ワイズ","3549860603132845","02/28","951653326623"
"安藤 愛","あんどう あい",48,"1975年10月05日","女","A","andou105@example.net","046-407-8694","090-2708-3157","244-4586","神奈川県鎌倉市台2-2-10","株式会社さくら","5537265284096682","04/28","895869645920"
"高橋 正博","たかはし まさひろ",80,"1943年03月08日","男","A","takahashimasahiro@example.org","03-7491-9459","050-6162-7737","172-8164","東京都文京区大塚2-4-13","","4945522807526200","12/25","886305862620"
"久保 和彦","くぼ かずひこ",51,"1972年04月10日","男","B","kubo_410@example.jp","044-507-5543","050-9763-8279","250-8805","神奈川県茅ヶ崎市南湖2-4-19","合資会社ベストティーチャー","3566982538675702","12/25","950759319190"
"宮本 憲志","みやもと けんじ",70,"1953年04月16日","男","B","kenjimiyamoto@example.net","03-1425-5733","050-4744-2839","133-0127","東京都新宿区新宿1-1-7","","4142041835593851","10/24","221865939538"
"茂泉 雄一郎","もいずみ ゆういちろう",48,"1975年01月14日","男","AB","yuuichiroumoizumi@example.org","03-9409-6055","070-8696-1124","120-3862","東京都港区虎ノ門4-1-9","有限会社平成","371588121825694","09/24","939394518357"
"崎浜 舞","さきはま まい",28,"1995年04月22日","女","O","mai_sakihama@example.org","06-6587-3867","090-5500-7699","541-5310","大阪府大阪市西区南堀江2-2-16スターハイツ815","","5568566112771285","07/26","059006889306"
"寺島 友海","てらしま ともみ",29,"1994年04月29日","女","O","terashima429@example.jp","03-6963-9388","080-0852-0398","173-4207","東京都世田谷区給田4-1-6","有限会社ヨシオカ","3546398877099674","01/28","032539649204"
"仲吉 みゆき","なかよし みゆき",44,"1979年08月08日","女","AB","nakayoshi_88@example.ne.jp","06-4630-0803","050-2630-8778","568-7405","大阪府大阪市都島区中野町2-1-10","アイテック株式会社","3558265198799404","11/26","575399610217"
"中野 淳一","なかの じゅんいち",26,"1996年11月25日","男","B","nakano_junichi@example.net","03-2343-5858","090-0317-9274","200-4017","東京都府中市住吉町3-5-18インペリアル309","株式会社SUN","379596574350369","10/28","938526837469"
"藤井 裕一","ふじい ゆういち",54,"1969年05月04日","男","AB","yuuichifujii@example.ne.jp","03-4254-3555","080-9938-6836","199-1527","東京都稲城市向陽台2-2-21","有限会社小林工務店","5362418730457038","12/25","528270059648"
"松岡 美穂","まつおか みほ",71,"1952年08月19日","その他・不明","O","matsuokamiho@example.ne.jp","0863-95-4381","090-6948-8020","715-6471","岡山県岡山市中区国富1-1-4ビプレイス508","","379057105984911","11/26","741775494042"
"伏見 祐子","ふしみ ゆうこ",29,"1994年05月12日","女","O","yuukofushimi@example.jp","03-5037-0905","080-3926-7991","155-0391","東京都八王子市明神町2-2-19","","3566109724471940","02/27","454876948401"
"金城 英雄","きんじょう ひでお",47,"1976年01月30日","男","B","hideo_kinjou@example.co.jp","06-0035-7573","090-6999-6918","538-6138","大阪府大阪市鶴見区今津北3-1-206","有限会社司","5466031043142356","07/28","924154390810"
"山本 瑠奈","やまもと るな",68,"1955年03月07日","女","O","yamamoto37@example.ne.jp","01635-8-5141","070-2846-4296","056-6640","北海道札幌市北区拓北二条1-1-7","","3584638219393795","05/25","223836808486"
"小島 都子","こじま みやこ",37,"1986年10月14日","女","A","miyakokojima@example.net","03-0136-4656","050-7562-9448","119-2765","東京都目黒区目黒1-2-15","合同会社しんらいネット","3532076521957150","02/25","067614607120"
"山本 康裕","やまもと やすひろ",71,"1951年12月15日","男","AB","yamamoto1215@example.com","0884-00-5342","080-1610-7830","775-0273","徳島県徳島市北沖洲3-1-8","","378394109352071","03/28","001227198369"
"鳥居 雄太","とりい ゆうた",32,"1991年02月26日","男","O","torii226@example.com","03-6462-2859","080-2416-0962","192-2935","東京都大田区羽田2-4-7ダイヤハイツ715","","3586449657912957","03/26","068422587687"
"落合 雄三","おちあい ゆうぞう",54,"1969年07月31日","男","B","ochiai_731@example.com","03-3926-1940","080-9611-0650","200-6136","東京都調布市富士見町2-3-11","株式会社ティーズ","371863554851354","08/27","678976286533"
"岩月 徳夫","いわつき のりお",78,"1945年11月03日","男","B","iwatsuki_norio@example.net","0467-60-6872","090-4530-3038","213-0348","神奈川県横浜市磯子区杉田4-2-9シャンボール111","","4081023087422412","10/27","583114821212"
"疋田 智子","ひきた ともこ",38,"1985年09月01日","女","B","hikita91@example.co.jp","0947-40-8899","050-7468-3840","806-9795","福岡県福岡市西区石丸4-1-9","","370183755582869","01/25","954165834830"
"斉藤 紗耶香","さいとう さやか",40,"1983年08月29日","女","A","sayakasaito@example.jp","0263-18-0963","070-6920-4290","393-5615","長野県岡谷市本町3-4-12レアルグランデ301","株式会社ダイワ","3579398314543938","07/26","667975126573"
"中川 雅彦","なかがわ まさひこ",31,"1992年05月21日","男","A","masahikonakagawa@example.net","06-9897-9121","090-1628-7475","552-3745","大阪府大阪市阿倍野区阪南町3-5-15","有限会社山下商事","3581505188487432","11/24","619641464112"
"竹本 和大","たけもと かずひろ",45,"1978年06月17日","男","A","takemotokazuhiro@example.org","0438-10-7816","050-3015-0604","275-6915","千葉県松戸市常盤平3-1-21","有限会社丸福","4128862024948426","08/28","206495024676"
"藤井 彩子","ふじい さいこ",41,"1982年01月21日","女","A","fujii_saiko@example.ne.jp","06-9283-1804","090-5989-3067","542-6590","大阪府大阪市鶴見区浜2-2-17","合名会社八百権本店","371272681609141","07/25","880354526832"
"中島 成美","なかじま なるみ",78,"1945年07月07日","女","A","narumi_nakajima@example.jp","0586-53-0961","070-1731-4691","443-2280","愛知県名古屋市瑞穂区洲雲町4-2-10","","3581495122538245","03/24","367747884391"
"石原 孝子","いしはら たかこ",76,"1947年04月29日","女","O","ishihara429@example.ne.jp","03-5317-7196","070-1653-7044","114-7236","東京都大田区大森北1-1-21","","377730007892869","01/25","698545789636"
"栗原 高明","くりはら たかあき",60,"1963年07月02日","男","O","kuriharatakaaki@example.net","03-4820-0146","090-6019-6215","186-5068","東京都小平市上水本町1-3-804","株式会社マルミ","374263270324728","07/27","996165372164"
"岩崎 慎太郎","いわさき しんたろう",72,"1951年08月09日","男","B","shintarouiwasaki@example.ne.jp","01398-6-6172","070-9288-9188","064-4939","北海道札幌市豊平区平岸二条1-2-1001","","3571909982343043","10/25","184948685136"
"宮井 恵子","みやい けいこ",66,"1957年03月18日","女","B","keikomiyai@example.org","0949-04-0831","080-9559-8246","831-2909","福岡県遠賀郡水巻町猪熊2-1-12","","4423784244298832","04/24","874151066372"
"本間 友貴","ほんま ゆき",56,"1967年03月20日","男","A","homma_320@example.com","03-8091-8328","090-5627-8774","168-3290","東京都青梅市河辺町1-3-802","株式会社アイコン","4423227512121559","05/26","167111515079"
"赤木 弘明","あかぎ ひろあき",40,"1983年09月25日","男","AB","akagi_925@example.co.jp","058-992-5059","080-7146-1768","506-7729","岐阜県各務原市鵜沼大伊木町4-2-7","合同会社Ｆｏｌｌｏｗｉｎｇ","3545985915763021","06/28","435514117523"
"水野 正治","みずの せいじ",68,"1955年07月05日","男","O","mizuno_75@example.net","0133-91-3356","050-2168-7873","096-9656","北海道札幌市中央区南三条西3-2-12","","4845615036010474","05/24","500177990194"
"三池 英治","みいけ えいじ",50,"1973年11月07日","男","O","miike_117@example.net","03-8531-6030","070-3503-0443","131-1181","東京都東村山市久米川町3-1-4","株式会社KMC","5271734970301300","03/27","847648173329"
"小沼 香織","こぬま かおり",54,"1969年05月02日","女","AB","kaori_konuma@example.com","06-6615-3906","080-0255-8040","591-6628","大阪府大阪市福島区吉野4-2-10","株式会社SKコーポレーション","4537104095198580","07/27","734827920430"
"梶本 茂樹","かじもと しげき",48,"1975年05月11日","男","A","shigekikajimoto@example.jp","044-154-2091","070-7878-6470","256-1860","神奈川県川崎市幸区塚越1-3-5","ワイズ株式会社","3549663464545661","01/25","613141955103"
"河村 勝彦","かわむら かつひこ",65,"1958年07月20日","男","AB","katsuhikokawamura@example.com","09496-1-7815","080-8746-9593","805-7191","福岡県福岡市西区小戸3-2-7","","3553880395259559","04/25","255721039577"
"中川 直樹","なかがわ なおき",43,"1980年04月23日","男","B","nakagawa_423@example.net","0157-30-8195","080-4729-5823","057-7933","北海道札幌市南区澄川二条2-3-14","合資会社橘屋","4766489679851932","07/26","766758556924"
"工藤 美由紀","くどう みゆき",49,"1974年01月20日","女","O","kudou_miyuki@example.co.jp","0465-72-3156","050-8460-3309","236-8612","神奈川県茅ヶ崎市浜竹3-4-15ブランシエラ806","有限会社リバティー","3556439857725784","06/26","929416233445"
"濱名 かおる","はまな かおる",80,"1942年12月07日","女","A","kaoruhamana@example.com","0166-68-2593","070-9574-4876","066-4884","北海道札幌市西区発寒八条2-3-11","","3566174501869856","10/28","097522262483"
"田中 和宏","たなか かずひろ",64,"1958年12月29日","男","O","tanaka_1229@example.net","03-2737-4614","080-1384-3760","192-6566","東京都八王子市台町2-3-17","","4457872504104003","02/25","127256467844"
"須田 健一","すだ けんいち",45,"1978年05月05日","男","O","kenichisuda@example.co.jp","03-2727-4070","080-1369-9537","102-2631","東京都千代田区飯田橋2-1-10","株式会社S","5555043182428001","05/25","053583175640"
"金 孝","きむ たかし",39,"1984年07月16日","男","O","takashikimu@example.jp","03-7442-2874","080-9794-2454","180-3552","東京都台東区浅草3-3-22","株式会社KTS","379339613766851","03/27","066869579867"
"湯浅 昌浩","ゆあさ まさひろ",41,"1982年08月05日","男","O","yuasa_85@example.co.jp","0885-64-7120","090-9266-3502","778-7977","徳島県徳島市南昭和町1-1-14ベル706","株式会社イトウ","5310853736999042","11/26","699221426090"
"佐藤 美那","さとう みな",49,"1973年12月25日","女","B","minasato@example.ne.jp","03-2242-1538","050-2422-5939","130-6679","東京都府中市天神町2-3-8","合名会社豊島瓦工業所","372852055991099","07/24","494576559855"
"塩野 琢磨","しおの たくま",59,"1964年03月30日","男","O","shiono_330@example.co.jp","03-8361-7738","090-7010-0162","160-3964","東京都墨田区石原3-2-10","協和林業合名会社","3578883726786135","01/28","110580555861"
"小森 賢治","こもり けんじ",37,"1986年03月19日","男","A","komori319@example.com","048-277-8166","090-6215-3996","335-9569","埼玉県三郷市彦成2-5-8","合同会社ＦＣ","5103532254792655","11/23","989893833902"
"窪田 尚志","くぼた ひさし",24,"1999年01月10日","男","O","hisashi_kubota@example.jp","0479-05-2510","080-6833-6819","310-0417","茨城県つくば市並木3-1-9","株式会社ダックス","4358081846687234","07/25","628534485815"
"木村 竜也","きむら たつや",30,"1993年04月01日","男","B","tatsuya_kimura@example.com","0948-79-8036","080-1584-2688","834-1606","福岡県福岡市早良区原2-2-11","有限会社木村商会","373142291110855","04/24","383735980560"
"中沢 直哉","なかざわ なおや",80,"1943年10月31日","男","AB","nakazawa_naoya@example.ne.jp","06-4961-3877","070-0186-0779","567-9328","大阪府東大阪市吉田3-1-10","","5583241478807021","10/24","311055451120"
"塚田 祥","つかだ さち",74,"1949年08月13日","女","O","sachitsukada@example.jp","0827-83-2198","080-9058-0274","723-4422","広島県三原市宮浦3-1-6","","374657895804008","06/24","474798285825"
"阿部 大輔","あべ だいすけ",36,"1987年06月04日","男","A","daisukeabe@example.com","0823-10-1021","070-1369-8409","722-7056","広島県福山市千田町2-2-8ヴェルティーク504","有限会社クロス","377967001739866","02/28","226446584691"
"長谷川 豊","はせがわ ゆたか",42,"1981年10月21日","男","AB","hasegawayutaka@example.co.jp","03-7630-4505","090-2554-3665","184-2312","東京都荒川区東尾久2-3-20","株式会社リプロ","373017791474664","05/25","865537193752"
"吉永 秀夫","よしなが ひでお",33,"1990年01月24日","男","O","yoshinaga_hideo@example.net","01658-9-4613","080-0941-4241","077-1299","北海道札幌市西区八軒一条東1-4-13","佐川合名会社","4304039137127992","07/27","108651675842"
"北野 貴之","きたの たかゆき",58,"1965年04月22日","男","O","takayukikitano@example.com","03-1623-6691","090-1571-4684","129-1907","東京都品川区西大井4-2-6","合名会社高木明治館","3542472896144953","08/27","665688021709"
"鈴木 佳緒里","すずき かおり",37,"1986年03月12日","女","A","kaorisuzuki@example.co.jp","03-4351-0149","080-9102-0341","104-4880","東京都新宿区高田馬場1-3-9","五鈴物産合資会社","4979826235733398","04/28","615360430779"
"小野 早苗","おの さなえ",36,"1987年10月12日","女","O","onosanae@example.org","03-5784-8824","080-5363-1802","131-4598","東京都中央区日本橋本石町4-2-6","株式会社メディックス","3529113961642680","06/28","963636465642"
"安武 崇","やすたけ たかし",69,"1954年02月07日","男","B","takashi_yasutake@example.com","0968-46-2340","050-7439-5752","863-1032","熊本県熊本市東区小峯2-1-15パレステージ608","","4149208594287479","11/26","138871799018"
"加藤 一明","かとう かずあき",56,"1967年08月17日","男","A","katokazuaki@example.org","03-0644-4402","080-5282-2859","115-2336","東京都港区芝浦2-2-7","有限会社クボタ","376530283191692","08/24","022253477311"
"結城 秀行","ゆうき ひでゆき",36,"1987年09月13日","男","A","hideyukiyuuki@example.com","0553-15-3061","050-1728-4923","405-3617","山梨県甲府市下飯田2-5-16","有限会社中商","5435888925198204","12/23","047282093185"
"松田 尚之","まつだ ひさし",42,"1981年09月13日","男","A","matsuda_hisashi@example.org","03-6807-3903","080-2678-2363","188-7562","東京都中野区上高田1-1-4","","3564366086934483","07/27","257855946425"
"竹井 信彦","たけい のぶひこ",59,"1964年03月17日","その他・不明","O","takei_317@example.co.jp","03-2079-7554","080-1403-1552","150-5539","東京都板橋区小茂根4-1-3","株式会社アイ","5137094401124290","01/27","812730499340"
"新田 宏和","にった ひろかず",76,"1947年07月17日","男","A","nitta717@example.com","0155-84-1528","070-5185-2024","077-0167","北海道苫小牧市新開町4-1-8","","374612250021904","08/28","880240250594"
"多田 豊和","ただ とよかず",61,"1962年08月25日","男","B","tada_toyokazu@example.co.jp","0798-53-2203","070-0965-6627","651-5300","兵庫県神戸市兵庫区小河通3-2-405","","3550079373113952","01/26","597050028743"
"石川 大輔","いしかわ だいすけ",35,"1988年10月25日","男","O","ishikawa_1025@example.jp","06-1554-6112","070-6230-2708","542-5643","大阪府大阪市中央区南本町1-5-506","株式会社カトウ","5175068060734378","10/28","745635022049"
"大石 祐輝","おおいし ゆうき",69,"1954年11月13日","男","O","oishiyuuki@example.jp","04-9901-7448","050-5044-9571","353-7323","埼玉県狭山市入間川1-2-20","","3555599434641118","09/24","809162389711"
"浜岡 智和","はまおか ともかず",71,"1952年10月21日","男","A","hamaokatomokazu@example.net","0226-45-8662","070-7501-6097","989-7640","宮城県仙台市泉区紫山2-3-6コンセール603","","4832628641057041","02/27","039633826491"
"前田 祐","まえだ ゆう",49,"1973年12月27日","女","A","maeda_1227@example.co.jp","0463-42-6173","080-5318-3111","238-8194","神奈川県平塚市東八幡2-5-707","常野商事合資会社","5366073196596393","02/24","584351371619"
"松下 昌枝","まつした まさえ",22,"2001年07月09日","女","B","matsushita_79@example.ne.jp","0567-35-3462","070-5660-3078","483-9066","愛知県一宮市栄2-3-5","有限会社遠藤工務店","5286575798770744","12/26","290560913727"
"松本 真里","まつもと まり",49,"1974年02月17日","その他・不明","A","marimatsumoto@example.ne.jp","052-966-5549","090-9535-3443","455-5889","愛知県名古屋市西区稲生町1-2-509","有限会社ロード","3571222689528407","02/24","864608112213"
"佐竹 陽平","さたけ ようへい",46,"1977年06月16日","男","B","youheisatake@example.ne.jp","03-0819-0425","070-0302-2945","202-6578","東京都府中市日新町1-3-7","","5289990831356079","11/28","087428438475"
"伊藤 将也","いとう まさなり",54,"1969年07月11日","男","A","masanariito@example.ne.jp","03-8428-5699","050-4348-5734","148-7511","東京都足立区足立3-3-4","株式会社和興","4651381550812794","05/24","174821447745"
"小倉 優子","おぐら ゆうこ",56,"1967年10月23日","女","B","yuukoogura@example.com","06-2029-2745","080-0179-6426","598-2154","大阪府八尾市南亀井町2-3-8","株式会社かがやき","4045951355321327","12/25","993358860388"
"宮田 美智子","みやた みちこ",32,"1991年01月23日","女","O","miyatamichiko@example.ne.jp","0859-59-2661","050-8887-2044","688-8894","鳥取県米子市皆生1-1-4","合同会社自然素材・木の家","379393207009103","02/27","219700898751"
"秋山 健","あきやま けん",43,"1980年01月28日","男","O","akiyama128@example.org","0778-84-4917","090-4303-6589","917-2313","福井県福井市西開発3-4-5","株式会社M’s","376212676774257","03/27","823993293306"
"伊藤 陽子","いとう ようこ",49,"1974年01月24日","その他・不明","O","ito124@example.co.jp","03-0531-9813","080-9469-0497","156-3442","東京都墨田区両国1-5-19","合資会社中勢ハウジング","4607384324918017","02/24","265182917048"
"山下 竜輔","やました りゅうすけ",21,"2002年07月05日","男","A","yamashita75@example.co.jp","0796-41-8549","080-3108-1369","669-9714","兵庫県神戸市中央区加納町2-1-9","有限会社ラック","5416534688665178","11/25","999597746676"
"脇坂 勇一","わきさか ゆういち",67,"1956年01月12日","男","A","wakisaka_yuuichi@example.jp","03-8562-3361","090-7766-1003","148-4118","東京都港区南青山1-4-3","","4047044532583601","01/27","876648708990"
"長崎 香","ながさき かおり",35,"1988年05月08日","女","O","kaori_nagasaki@example.com","01656-0-7358","070-5056-9795","087-7360","北海道旭川市一条通1-3-4","有限会社みどり","4135546025348014","04/26","878242007765"
"飯田 哲司","いいだ さとし",29,"1994年07月30日","男","A","iida730@example.co.jp","03-2042-9061","080-4338-0041","139-7927","東京都墨田区向島1-2-18","合同会社ＴＯＰ","3556330671841966","07/27","454071371345"
"田実 修治","たじつ しゅうじ",24,"1999年03月03日","男","O","tajitsushuuji@example.net","03-2497-7992","070-0226-6592","187-0654","東京都中央区日本橋本町3-1-14","株式会社エイシン","3528662577642931","08/27","856575496875"
"望月 千晴","もちづき ちはる",55,"1968年10月05日","女","A","chiharumochizuki@example.com","046-371-6908","050-6568-4473","225-6818","神奈川県川崎市川崎区大島2-5-21","有限会社ハッピー","3585916913732362","06/28","295477832784"
"阿部 渉","あべ わたる",30,"1993年08月25日","男","B","abewataru@example.net","03-7619-7570","080-0339-1200","200-7472","東京都台東区池之端4-2-7","有限会社池田工業","374416360042770","10/26","003734091749"
"黒澤 洋","くろさわ ひろし",24,"1999年11月20日","男","O","kurosawa_1120@example.org","0438-97-8765","090-4443-0870","289-7761","千葉県八千代市大学町1-3-602","合同会社アウラ","3561111732897251","05/25","897643024659"
"岡本 結子","おかもと ゆうこ",56,"1967年11月08日","女","O","okamoto_118@example.net","06-4961-1014","050-1102-7715","557-8056","大阪府大阪市東住吉区湯里1-3-8","有限会社フジコーポレーション","3586453521770146","08/27","135931876980"
"田所 正隆","たどころ まさたか",34,"1988年12月10日","男","A","masataka_tadokoro@example.ne.jp","0478-56-5849","080-8688-5090","292-6478","千葉県船橋市西船4-2-9","株式会社インプレス","376542438325695","05/25","956518200182"
"竹島 卓","たけしま すぐる",21,"2002年10月27日","男","A","sugurutakeshima@example.net","03-6992-4327","070-2147-8416","155-4806","東京都足立区青井2-1-16","合同会社ＧｏＤｏ","4121003631451747","04/28","980522789431"
"内藤 悠太","ないとう ゆうた",56,"1967年10月15日","男","O","naitoyuuta@example.net","0569-06-4601","080-6800-2857","476-0803","愛知県蒲郡市三谷北通2-5-17ドエル410","合資会社明治屋洋服店","4452202164675115","02/25","285701211302"
"福田 尚孝","ふくだ よしのり",20,"2003年08月28日","男","AB","yoshinori_fukuda@example.org","03-3880-1737","090-1214-4533","147-9337","東京都文京区本駒込1-4-302","合同会社ＨＳＳ","3566126647957359","03/25","303737589083"
"加藤 貴行","かとう たかゆき",40,"1983年08月18日","男","AB","takayukikato@example.com","06-1227-7197","070-2502-6721","565-6755","大阪府大東市三箇3-1-604デュオヒルズ307","花屋合名会社","5103179424744933","05/24","657807811982"
"酒井 真由美","さかい まゆみ",72,"1951年02月15日","女","O","sakai_215@example.net","03-1314-0108","090-4988-3577","188-8840","東京都足立区青井2-4-602グリーンハイツ309","","5484399658687462","12/26","795760837760"
"広瀬 紀恵","ひろせ のりえ",63,"1960年04月12日","女","AB","hirose412@example.net","079-843-8858","070-3739-0979","674-1110","兵庫県神戸市中央区元町通3-3-10","","5410701518094657","06/26","279997242470"
"永田 彩","ながた あや",57,"1966年10月07日","女","B","ayanagata@example.co.jp","0184-45-7667","090-3869-0511","014-0029","秋田県湯沢市前森1-1-11","株式会社メディカルサポート","4727038487430021","06/26","016946331272"
"有馬 史明","ありま ふみあき",32,"1991年03月13日","男","AB","arima_fumiaki@example.org","011-521-2947","080-2568-3770","069-4173","北海道帯広市西十八条南3-3-8","株式会社夢","4966662831471231","06/24","059229278228"
"花形 珠美","はながた たまみ",74,"1949年05月22日","女","B","tamamihanagata@example.net","09496-8-4839","050-7552-2189","801-9886","福岡県福岡市博多区西月隈3-5-10","","3537579673608823","09/24","366322971928"
"橋本 智恵子","はしもと ちえこ",43,"1980年02月11日","女","B","hashimoto_chieko@example.jp","0587-99-8761","050-3034-7252","491-2630","愛知県名古屋市中村区名駅1-1-806","株式会社コムテック","374553497014007","08/27","374938668733"
"川口 侑輝","かわぐち ゆうき",50,"1973年06月27日","男","O","kawaguchi_yuuki@example.ne.jp","03-6072-8096","080-1265-1111","199-2818","東京都世田谷区若林1-5-901","関西地建商事合資会社","375647774617596","03/25","674238442010"
"佐藤 浩之","さとう ひろゆき",28,"1995年05月29日","男","A","sato_hiroyuki@example.org","06-6587-5903","050-5398-3116","552-7490","大阪府大阪市中央区南船場3-5-12イニシア806","合名会社大光館","5468015986945493","03/24","902212413775"
"伊藤 奈美","いとう なみ",29,"1993年12月16日","女","B","ito1216@example.net","06-3726-4156","090-8122-9455","532-6085","大阪府箕面市箕面1-2-17","東洋商事株式会社","377141104109316","12/27","702571852807"
"松田 一志","まつだ かずし",44,"1979年03月16日","男","B","matsuda_316@example.jp","0566-19-6291","080-7659-6052","450-3475","愛知県常滑市本郷町1-3-10サニークレスト604","株式会社ゼロ","4640230562258120","12/23","375498676883"
"秦 誠","はた まこと",64,"1959年05月21日","その他・不明","AB","hata521@example.ne.jp","06-2499-3442","070-3933-8328","558-0708","大阪府大阪市生野区桃谷1-2-9","","374123833427071","03/25","375155286044"
"平岡 晶子","ひらおか しょうこ",34,"1988年12月05日","女","A","hiraoka_125@example.net","0551-57-9882","090-7445-3133","400-9371","山梨県甲府市徳行1-3-16","ＹＧホールディングス合同会社","3575619338331628","04/24","231791939064"
"早坂 浩也","はやさか ひろや",80,"1943年11月20日","男","A","hayasaka_hiroya@example.ne.jp","0532-91-9196","080-3532-5139","452-3541","愛知県名古屋市中区大須2-3-4","","5531491714502679","10/28","499699902270"
"青柳 まり子","あおやぎ まりこ",29,"1994年03月11日","女","O","aoyagimariko@example.ne.jp","06-6169-2501","050-6355-2233","566-6618","大阪府大阪市淀川区西三国1-2-11パインクレスト213","株式会社フェイス","4541638536322386","01/27","941319194680"
"小松 義之","こまつ よしゆき",64,"1959年09月01日","男","O","yoshiyukikomatsu@example.com","03-3630-3253","080-9876-6508","191-2274","東京都港区六本木2-1-8","","4932980757676455","04/26","368104327017"
"原 恵","はら めぐみ",75,"1948年08月21日","女","A","megumihara@example.co.jp","0466-82-5701","050-6012-5677","240-6972","神奈川県川崎市多摩区西生田4-3-5","","378081303348514","11/25","195042559550"
"甲斐 哲雄","かい てつお",41,"1982年05月31日","男","A","kai531@example.com","06-5826-5765","050-1998-9040","575-0206","大阪府豊中市服部本町1-3-3","株式会社ヨシダ","377932910989903","10/28","015588985218"
"近藤 信弘","こんどう のぶひろ",25,"1998年04月29日","男","O","nobuhiro_kondou@example.ne.jp","0940-28-2491","050-2947-0758","806-6714","福岡県福岡市博多区中洲4-1-8","株式会社キムラ","4118183589549075","06/26","366521886425"
"大野 あや","おおの あや",60,"1963年03月20日","その他・不明","B","onoaya@example.co.jp","0478-24-7983","090-0187-3806","292-5671","千葉県船橋市宮本1-4-8","株式会社プラスワン","3529874933476891","12/27","336431009909"
"小田切 孝憲","おだぎり たかのり",72,"1951年04月03日","男","AB","odagiri_43@example.co.jp","0531-68-5458","070-0836-4874","481-3249","愛知県名古屋市守山区幸心1-1-9","","370171665296308","11/28","183648616845"
"菊地 安代","きくち やすよ",55,"1968年04月01日","女","O","kikuchi_41@example.co.jp","03-1005-5546","090-3887-9750","178-5640","東京都江戸川区北葛西3-3-7","株式会社サンシステム","376806126015979","11/25","675913611052"
"小泉 浩幸","こいずみ ひろゆき",47,"1976年02月20日","男","A","koizumi220@example.org","0480-53-1052","050-6222-0665","353-3279","埼玉県草加市吉町3-1-5","株式会社ベルウッド","4218431130251157","08/26","056408868004"
"松浦 勇人","まつうら はやと",42,"1981年08月13日","男","A","hayatomatsuura@example.net","048-927-0242","090-8928-9007","369-4532","埼玉県川口市弥平3-3-7","株式会社キュービック","4811947112661783","02/24","721962834980"
"山田 由希子","やまだ ゆきこ",58,"1965年07月11日","女","O","yamada711@example.net","0587-42-7175","070-5748-5845","481-6404","愛知県名古屋市中川区清船町1-2-807","有限会社アイコー","5412375907439928","01/24","522806803070"
"廣田 真理子","ひろた まりこ",36,"1987年09月09日","女","A","hirota_mariko@example.com","0297-66-3721","090-9201-2152","319-9399","茨城県つくばみらい市陽光台4-3-10","","5246926488064519","04/24","544457224826"
"福岡 妙子","ふくおか たえこ",38,"1985年03月16日","女","B","taeko_fukuoka@example.com","03-6809-1210","050-3376-0513","129-5187","東京都立川市栄町1-3-403","日新産業株式会社","3549043627856166","12/26","642796220149"
"柳原 美穂","やなぎはら みほ",67,"1956年02月20日","女","B","miho_yanagihara@example.ne.jp","0539-69-9787","050-0563-3381","434-7676","静岡県島田市稲荷3-2-5","","3566911168667515","07/28","183270964513"
"大塚 翼","おおつか つばさ",57,"1966年01月30日","男","A","otsuka_130@example.net","0946-28-7270","070-5682-9281","806-3722","福岡県福岡市城南区長尾1-3-1102","合同会社サイテックサポート","370004932291457","08/28","744125771245"
"小坂 祐介","こさか ゆうすけ",52,"1971年11月16日","男","A","kosaka1116@example.net","0567-47-7023","080-3261-8424","477-6422","愛知県豊田市広久手町3-2-6","経南木材合名会社","379535539593937","02/24","952492789292"
"坂本 智子","さかもと ともこ",42,"1981年02月28日","女","O","tomokosakamoto@example.com","03-3998-9806","090-5460-3697","191-3767","東京都渋谷区神宮前1-5-6","株式会社アイワ","5488013180169149","05/25","316360263875"
"渡辺 博","わたなべ ひろし",39,"1984年10月04日","男","A","watanabe_hiroshi@example.jp","0531-80-1938","070-1130-8243","477-1910","愛知県名古屋市中区大須3-1-6デュオ510","菅谷商事合名会社","373051913918530","06/25","786676928921"
"阿部 良祐","あべ りょうすけ",23,"2000年10月18日","男","AB","abe_1018@example.ne.jp","0198-01-3733","090-1561-3060","020-3568","岩手県奥州市水沢工業団地2-3-5","マーケットプラン合同会社","378670420655882","12/23","503156719791"
"北川 尚輝","きたがわ なおき",61,"1962年01月02日","男","O","kitagawanaoki@example.jp","045-389-5219","090-8871-5081","214-1083","神奈川県川崎市多摩区長尾2-2-14パラッシオ510","","5583552794479653","08/27","953225193883"
"石川 知見","いしかわ ともみ",48,"1975年05月30日","女","B","tomomiishikawa@example.org","06-4073-9368","080-1411-1925","572-5259","大阪府大阪市西成区北津守3-4-1208","稲野辺商事合名会社","370005632130432","05/28","755019053904"
"安部 真澄","あべ ますみ",53,"1970年05月14日","女","O","masumiabe@example.co.jp","0467-21-6349","080-4066-8672","245-6480","神奈川県横浜市港南区日野3-3-11","合名会社大和商事機械部","5229832047827464","06/28","258847808850"
"高木 賢","たかぎ けん",63,"1960年07月29日","男","O","takagi729@example.jp","092-166-4965","050-8409-9174","809-4589","福岡県福岡市博多区博多駅前1-3-4ダイアパレス314","","5409470731859097","09/28","050939284530"
"浜田 尚大","はまだ なおひろ",73,"1950年06月22日","男","B","hamada_naohiro@example.ne.jp","03-6826-0085","090-7295-7824","130-9286","東京都青梅市長淵1-2-4","","373755293164610","07/27","594538909987"
"鈴木 秀樹","すずき ひでき",67,"1955年12月09日","男","O","suzuki_129@example.org","06-2861-1480","070-5621-1310","582-8731","大阪府大阪市住吉区大領4-3-4","","3537525226606533","11/26","711583041102"
"山本 晶","やまもと あき",72,"1951年02月10日","女","O","aki_yamamoto@example.org","0820-42-5923","080-2015-3489","752-7549","山口県光市室積4-3-5","","378252658036554","09/28","276333174540"
"岡崎 貴英","おかざき たかひで",78,"1945年07月18日","男","B","takahideokazaki@example.org","03-7461-9499","050-1794-0643","143-8292","東京都多摩市関戸3-4-9","","5551560545762564","06/24","020931737962"
"齋藤 昌裕","さいとう まさひろ",62,"1960年11月25日","男","A","masahirosaito@example.ne.jp","0299-36-6458","050-6538-6235","319-3615","茨城県つくば市春日3-1-6","","4152704216059357","04/27","809396161080"
"多田 健太","ただ けんた",31,"1992年03月10日","男","A","kentatada@example.org","0895-51-6234","090-1956-1225","798-3539","愛媛県宇和島市朝日町1-2-10","株式会社ユナイト","5340909687118992","06/24","630531474019"
"木村 一史","きむら ひとし",32,"1991年07月19日","男","B","kimurahitoshi@example.net","03-8502-0802","090-7261-8603","168-5786","東京都西東京市田無町3-5-21リーガル215","株式会社ユニテック","5282487476225336","01/25","590811328245"
"稲岡 健太郎","いなおか けんたろう",42,"1981年09月25日","男","A","inaoka925@example.com","03-8327-2780","080-6524-9235","194-7068","東京都渋谷区恵比寿4-1-6","合名会社寺田産業","5537782617515097","08/25","048250758092"
"桜井 順也","さくらい じゅんや",68,"1955年03月11日","男","O","junyasakurai@example.org","03-7433-1751","080-5267-3247","189-0162","東京都世田谷区北沢1-2-7","","371258945297005","10/28","271584136484"
"岸田 翔也","きしだ しょうや",77,"1946年11月06日","男","A","kishida_shouya@example.jp","03-8648-7344","090-9630-4161","162-1634","東京都品川区東五反田1-4-5","","5544029096035234","12/26","346020560855"
"天野 雅史","あまの まさし",45,"1978年11月12日","男","A","amano_1112@example.co.jp","0799-59-2745","080-4214-4960","669-3895","兵庫県尼崎市下坂部1-5-8","合資会社山崎酒店","5461818534467606","12/26","609643423469"
"小田 龍","おだ りゅう",28,"1995年10月23日","男","A","oda_1023@example.com","0479-96-3589","090-5566-3783","303-7632","茨城県神栖市大野原4-2-6","合名会社魚定","4102274263509762","09/25","499175344467"
"福本 知子","ふくもと ともこ",51,"1972年10月18日","女","A","fukumoto_1018@example.com","0940-75-7848","050-9567-1045","830-3108","福岡県北九州市門司区大里戸ノ上3-3-4","有限会社アイネット","3559424721678275","11/23","278033450930"
"杉山 陽介","すぎやま ようすけ",20,"2003年03月26日","男","O","yousuke_sugiyama@example.net","06-0048-1859","080-2984-6096","576-9803","大阪府大阪市住吉区墨江2-1-14","合名会社大勢楼","5589432587596449","03/26","053601080024"
"三国 哲也","みくに てつや",20,"2003年04月15日","男","O","mikuni_tetsuya@example.net","0569-59-4593","070-1422-1039","453-6685","愛知県犬山市塔野地北3-2-14ピアン501","有限会社ウエスト","3540534433304622","05/27","579611442864"
"松永 まき子","まつなが まきこ",65,"1958年11月01日","女","O","matsunagamakiko@example.com","03-3598-3681","080-1044-2681","168-8975","東京都台東区台東3-5-501","","3587587774290135","10/27","985837600177"
"鷲尾 みづき","わしお みづき",79,"1943年12月10日","女","A","washio_mizuki@example.jp","03-2302-3128","070-2220-2634","180-5440","東京都港区西麻布2-2-7","","4432438985096108","09/26","534996814313"
"澁谷 邦人","しぶや くにひと",25,"1997年11月28日","男","B","shibuya_1128@example.ne.jp","0438-84-5993","090-0327-6907","267-6353","千葉県千葉市若葉区西都賀3-3-10","株式会社一期一会","379130823942881","04/28","897316884008"
"志賀 和也","しが かずや",20,"2003年04月07日","男","A","shiga_kazuya@example.co.jp","0259-57-8291","050-1487-2482","942-8671","新潟県新潟市北区川西4-3-10","株式会社高橋建設","3557997024368399","05/25","994515277566"
"栗原 恭子","くりはら きょうこ",65,"1958年04月11日","女","O","kuriharakyouko@example.jp","0987-51-4498","090-3913-9243","888-3310","宮崎県宮崎市霧島3-3-13","","4703961268484784","05/28","570066586325"
"鈴木 洋昭","すずき ひろあき",66,"1957年10月20日","男","AB","suzuki_1020@example.com","03-7673-5569","090-2096-3329","149-0302","東京都墨田区業平1-2-9","","3558370122284794","08/25","629097763866"
"田村 正義","たむら せいぎ",80,"1943年02月07日","男","O","tamura27@example.ne.jp","0228-73-3438","080-6649-9765","986-7619","宮城県塩竈市清水沢1-4-809","","370336052659729","08/24","578442068382"
"有馬 陽介","ありま ようすけ",45,"1978年05月04日","男","B","arimayousuke@example.co.jp","0779-30-3120","080-5068-9141","910-9577","福井県福井市問屋町1-1-16フォレスティア405","合同会社たねの声","379463804379066","06/27","819859707873"
"山田 さやか","やまだ さやか",49,"1974年10月12日","女","A","sayakayamada@example.com","03-7591-9168","080-8463-0879","102-7551","東京都杉並区高円寺北1-3-6","","370887747666396","06/25","911292104459"
"黒崎 秀登","くろさき ひでと",22,"2001年02月14日","男","O","hideto_kurosaki@example.co.jp","0749-58-4323","090-2300-2712","524-5622","滋賀県草津市野路東3-3-3","合資会社轟商會","4735199854565813","08/24","252391420792"
"宮尾 亮","みやお りょう",64,"1959年02月03日","男","A","miyao23@example.org","049-626-9201","080-8352-2718","341-7039","埼玉県草加市弁天2-1-4","","4867245048796119","11/25","163130281210"
"東尾 雅之","ひがしお まさゆき",25,"1998年07月02日","男","A","masayukihigashio@example.ne.jp","0587-50-8655","050-0656-7329","495-5132","愛知県名古屋市天白区原3-3-9","合名会社水戸石炭商會","375413268768241","10/27","659672515817"
"涌井 もも","わくい もも",34,"1989年04月29日","女","A","wakui_momo@example.jp","0495-79-5652","090-3000-9757","348-1986","埼玉県八潮市八潮3-1-301","株式会社スタッフ","3580198704571870","12/24","013916579050"
"瀬戸 聡","せと あきら",61,"1962年02月08日","男","O","akira_seto@example.net","092-985-5448","070-4227-4006","832-4832","福岡県久留米市東合川1-3-6","","3536200586660071","03/27","999441973176"
"大野 豊","おおの ゆたか",63,"1960年11月13日","男","O","yutaka_ono@example.co.jp","0987-37-9559","050-4130-7433","880-8128","宮崎県宮崎市橘通西2-2-8","","4964798961614380","01/26","164145568474"
"永井 勇一","ながい ゆういち",25,"1997年12月07日","男","B","yuuichi_nagai@example.net","0569-94-5177","050-7484-1754","471-1690","愛知県名古屋市中区栄1-5-15ブランズ705","","3560389928827669","10/27","156243667046"
"戸田 夏子","とだ なつこ",21,"2002年07月14日","その他・不明","O","natsukotoda@example.jp","03-8274-4205","080-3716-5846","195-6770","東京都杉並区和泉4-2-8","合同会社Ｒｅ．ｃｏｄｅ","370905497169658","04/24","863504443874"
"守屋 祐介","もりや ゆうすけ",22,"2001年10月30日","男","O","moriya_1030@example.ne.jp","03-8929-0203","090-5662-3387","107-6460","東京都新宿区西落合3-4-3","オリーブシステム合同会社","3540865951066163","11/25","251518503335"
"鈴木 等","すずき ひとし",25,"1998年11月16日","男","A","suzukihitoshi@example.jp","03-9296-6192","090-6364-9141","179-5008","東京都港区赤坂3-3-3エーベル204","","4106548259136672","01/26","739249739613"
"上杉 正雄","うえすぎ まさお",30,"1993年03月07日","男","A","uesugi37@example.org","0467-73-2651","050-5277-1935","256-6596","神奈川県横浜市鶴見区駒岡1-1-4","株式会社エコライフ","4643180542474817","02/25","868035959750"
"木原 麻美","きはら あさみ",61,"1962年02月05日","女","B","kihara_25@example.net","0761-94-9046","050-2984-9023","929-2201","石川県加賀市山代温泉桔梗丘2-5-19","","4484565476010698","04/28","576726548527"
"白鳥 秀明","しらとり ひであき",69,"1954年03月30日","男","B","shiratori_330@example.ne.jp","03-4261-8792","090-3302-0568","203-1190","東京都荒川区西尾久2-1-8","","4135941095357799","02/26","042730729620"
"片山 渉","かたやま わたる",69,"1954年09月11日","男","O","katayama911@example.com","0465-70-6227","050-2899-0963","227-5407","神奈川県川崎市麻生区東百合丘2-4-22","","371295625444804","11/26","132500797189"
"北 敏浩","きた としひろ",77,"1946年03月11日","その他・不明","B","toshihiro_kita@example.net","0946-27-4961","090-5411-1122","831-2920","福岡県北九州市若松区高須東2-1-8アトラス216","","372016330558442","07/25","765589281590"
"松下 圭吾","まつした けいご",24,"1999年08月27日","男","O","keigomatsushita@example.ne.jp","0537-35-3610","050-0339-3029","421-8978","静岡県焼津市小川新町1-1-6","株式会社リファイン","5283719813834399","05/25","399009495592"
"大村 弘明","おおむら ひろあき",38,"1984年12月28日","男","O","omura_hiroaki@example.org","03-2180-4109","090-3519-3593","129-7170","東京都三鷹市野崎3-5-21","合同会社きらら","3586291037942779","07/26","982218448205"
"今井 真徳","いまい まさのり",79,"1944年05月29日","男","AB","masanori_imai@example.com","03-0644-0181","050-6505-4063","123-4001","東京都江戸川区春江町3-2-5","","3544048165688306","04/26","742036041206"
"堀 拓","ほり たく",43,"1980年02月05日","男","O","takuhori@example.co.jp","0460-49-9695","050-1829-0628","250-2741","神奈川県川崎市中原区新城3-5-8","合資会社濱藤商店","3567630199142087","10/26","192424740671"
"佐藤 修治","さとう しゅうじ",30,"1992年11月26日","男","AB","satoshuuji@example.co.jp","03-2028-1586","080-9283-6260","133-6775","東京都目黒区中目黒2-3-5","株式会社ノムラ","3569668075871617","06/25","347287947534"
"小室 綾華","こむろ あやか",40,"1983年10月08日","女","A","komuro108@example.ne.jp","0124-53-5097","080-2810-0778","093-7250","北海道札幌市中央区北五条西2-1-7","合同会社美髪庵","5362822040762849","12/23","096080313559"
"豊原 優子","とよはら ゆうこ",76,"1947年04月29日","女","B","toyohara429@example.net","03-0809-6865","070-2100-6514","121-8495","東京都世田谷区駒沢3-3-5","","4560605196902175","11/27","639488691261"
"石山 瑞恵","いしやま みずえ",68,"1955年09月26日","女","O","ishiyamamizue@example.com","03-8911-4906","080-1908-3549","203-0280","東京都中野区本町2-3-9オープンレジデンシア312","","379402015520845","10/24","109843805517"
"阿部 佳織","あべ かおり",53,"1970年08月15日","女","B","abe_kaori@example.net","0467-21-5160","070-9010-2565","230-6651","神奈川県横浜市西区花咲町2-3-6","合名会社山下酒造部","3577857573440369","12/26","039412901855"
"近藤 たつや","こんどう たつや",74,"1948年12月14日","男","O","kondou1214@example.ne.jp","03-7911-7956","090-0095-6151","180-0579","東京都文京区本郷2-3-9サンライズ602","","372243107456267","08/26","203749879171"
"塩貝 正子","しおがい まさこ",75,"1948年07月29日","女","B","shiogai_masako@example.org","03-3953-2291","050-0396-7202","209-7434","東京都墨田区緑2-4-21ピアン611","","5262573868663616","07/28","434952726447"
"柴田 裕樹","しばた ゆうき",39,"1984年08月29日","男","A","shibatayuuki@example.ne.jp","03-6319-3302","080-1400-5579","135-1117","東京都荒川区東日暮里2-1-8クレアコート104","合資会社茨城砥石","3530106251002315","08/24","805457390538"
"岩井 晋","いわい すすむ",56,"1967年03月03日","男","A","susumuiwai@example.co.jp","0467-83-3933","070-2622-2131","220-6851","神奈川県鎌倉市梶原1-3-17","有限会社ライトハウス","5327167460646526","11/24","888883679270"
"曽我 智子","そが ともこ",21,"2002年05月25日","女","B","tomoko_soga@example.net","03-4863-5343","070-0814-1747","184-5582","東京都杉並区西荻北3-1-4エムプラザ107","有限会社ステラ","374013593194211","06/26","609160182061"
"中川 奈津子","なかがわ なつこ",52,"1970年12月23日","女","O","nakagawanatsuko@example.net","03-6884-0905","090-8705-6721","198-9333","東京都港区新橋2-3-12","海老根建材有限会社","5347556843623697","08/28","944748901300"
"富田 伸一","とみた しんいち",31,"1992年05月31日","男","B","tomita_531@example.net","0930-33-4227","050-0961-0846","801-0674","福岡県福岡市博多区博多駅前3-5-8","三和工業株式会社","5544367199326351","10/28","694509189759"
"堀田 広平","ほった こうへい",49,"1974年04月03日","男","O","hotta43@example.org","06-1604-4587","070-8885-6790","559-4873","大阪府大阪市城東区成育3-3-6","合同会社介護支援まつもと","5263527729295249","12/24","441251454902"
"白井 裕輝","しらい ひろき",71,"1952年11月05日","その他・不明","O","shirai_115@example.jp","03-5278-9648","080-4362-6379","188-1374","東京都町田市原町田3-2-4","","5115860030059453","06/27","490325078844"
"藤田 彩子","ふじた さいこ",31,"1991年12月05日","女","O","fujita_125@example.co.jp","06-2181-5039","080-1741-7067","599-1769","大阪府大阪市西淀川区大和田3-3-3","","5211386524928790","07/28","324905950193"
"岩田 友則","いわた とものり",30,"1993年09月02日","男","O","iwata92@example.co.jp","0439-87-3413","070-9403-9242","286-5521","千葉県千葉市若葉区小倉台2-2-21","株式会社山本製作所","3579348374541991","09/25","622149336118"
"石川 和宏","いしかわ かずひろ",34,"1989年09月11日","男","O","ishikawa_911@example.org","03-3689-6866","080-4693-7688","207-6246","東京都墨田区業平1-4-9","株式会社マルサン","3539811601472487","03/28","764628473862"
"田中 亜紀子","たなか あきこ",27,"1996年06月24日","女","A","tanaka624@example.org","03-8222-6112","050-3989-5428","110-6202","東京都千代田区麹町1-1-3","有限会社キャロット","3561949261979184","09/24","533542238613"
"貫井 夏子","ぬくい なつこ",22,"2001年03月14日","女","B","natsukonukui@example.jp","092-099-5811","080-2714-0120","803-7429","福岡県福岡市早良区西新1-5-12","澤佐酒造合名会社","374127834492471","07/27","177590611821"
"秋田 千恵子","あきた ちえこ",65,"1958年03月18日","女","A","chiekoakita@example.net","0943-07-9990","080-6453-4083","806-7224","福岡県福岡市東区箱崎ふ頭1-4-21ゴールデングリタ110","","3545898741899051","10/27","430744056491"
"村上 留美子","むらかみ るみこ",43,"1980年04月01日","女","B","rumikomurakami@example.com","0439-07-0083","090-4136-7646","285-5827","千葉県市川市新田1-1-107","金万合名会社","3554683454966661","11/27","720283038060"
"中村 正","なかむら ただし",33,"1990年04月12日","男","O","tadashinakamura@example.net","04-4467-4546","070-6695-3240","271-0432","千葉県船橋市西船1-1-409","有限会社ナカヤマ","5519723458530045","11/25","976093329845"
"吉本 一徳","よしもと かずのり",43,"1980年11月14日","男","A","yoshimoto_1114@example.co.jp","0466-87-4698","080-0274-3061","212-2212","神奈川県相模原市緑区城山3-2-903","株式会社エコシステム","372971762536557","09/27","174888364054"
"西村 君代","にしむら きみよ",59,"1963年12月30日","女","AB","nishimura1230@example.co.jp","03-1101-3894","070-4288-9763","138-0557","東京都港区西麻布4-3-7","有限会社わたなべ","3532407014626889","04/26","954016334158"
"矢野 俊成","やの としなり",70,"1953年04月18日","男","B","yano_418@example.net","0228-41-0924","050-9252-6154","982-5290","宮城県仙台市若林区大和町1-2-10","","3546821201844853","02/28","315056288326"
"矢野 宣子","やの のりこ",51,"1972年01月29日","女","O","yano_129@example.com","03-6304-3006","090-8440-1517","195-3124","東京都江戸川区船堀1-1-9グランドハイツ105","株式会社アルカディア","3569647887555287","06/26","064331607140"
"辻 哲","つじ さとし",24,"1999年08月13日","男","A","tsuji_813@example.co.jp","03-3781-3604","050-1869-3049","177-8918","東京都港区港南2-5-206","","5308663863770353","09/27","532963180600"
"深沢 仁","ふかさわ ひとし",61,"1961年12月02日","男","B","fukasawa122@example.ne.jp","03-9664-8110","050-4222-4531","114-7339","東京都新宿区高田馬場1-2-14","","3545750703899043","08/24","660232054395"
"遠山 渚","とおやま なぎさ",62,"1961年04月09日","女","A","nagisatooyama@example.org","01392-4-2959","050-5313-3181","062-8633","北海道札幌市南区石山二条1-1-21","","4843851816606346","11/25","726965138804"
"中村 憲治","なかむら けんじ",63,"1960年03月06日","男","B","nakamura_36@example.ne.jp","03-6114-4612","090-0866-7487","206-4466","東京都渋谷区神宮前1-2-13","","4933500640538339","06/24","067614157213"
"池田 大和","いけだ はるな",80,"1943年09月10日","男","O","haruna_ikeda@example.com","0868-25-7184","050-9603-0364","709-0550","岡山県倉敷市児島唐琴2-5-7プラザ308","","378238804469609","04/26","632135676302"
"西浦 隆明","にしうら たかあき",35,"1988年03月20日","男","A","takaaki_nishiura@example.co.jp","0158-86-5049","090-5563-6761","079-7995","北海道夕張郡栗山町松風2-4-8","エナジェティックハウスホールド合同会社","4917453453837754","08/25","469710048930"
"神長 順一","かみなが じゅんいち",65,"1958年10月26日","男","AB","junichikaminaga@example.jp","03-4720-1547","080-6771-0700","153-4395","東京都港区芝浦4-3-9","","3559199434830856","11/27","755565207874"
"遠藤 正浩","えんどう まさひろ",70,"1953年08月14日","男","O","endou_814@example.co.jp","0799-96-9367","050-9707-4396","669-1943","兵庫県神戸市中央区北野町1-2-3シーサイドプレイス514","","3562240905169559","11/27","233050432569"
"伊藤 修一","いとう しゅういち",69,"1953年12月26日","男","O","ito_shuuichi@example.ne.jp","01658-8-6833","090-5790-8637","009-6735","北海道札幌市北区北二十三条西1-3-9","","5422933252089587","06/27","548915301075"
"平岡 拓郎","ひらおか たくろう",31,"1992年04月06日","男","A","hiraoka_takurou@example.jp","0795-07-9336","050-7691-0159","671-9288","兵庫県神戸市灘区大内通1-2-10エムプラザ402","株式会社小林商店","3568660431557379","05/25","025426832812"
"山下 佐保","やました さほ",30,"1993年08月22日","女","A","yamashita_822@example.jp","0797-84-9382","080-6175-6219","658-8428","兵庫県川辺郡猪名川町伏見台3-2-9","有限会社光栄","3559315518937439","07/28","958904618690"
"大西 孝司","おおにし こうじ",66,"1957年08月11日","男","O","onishi811@example.ne.jp","0948-20-1467","080-0527-6229","839-4319","福岡県福岡市東区多の津3-5-17クラシコ807","","3578967608753477","01/27","517306777958"
"林田 彰","はやしだ あきら",53,"1970年09月01日","男","O","hayashida91@example.net","048-177-4713","070-7443-7559","335-6795","埼玉県川口市東川口2-3-9","比曽河内木材合名会社","4813424104983631","06/24","243599708286"
"田中 彩","たなか あや",53,"1969年12月08日","その他・不明","A","aya_tanaka@example.com","0737-61-4170","090-5663-3966","646-2380","和歌山県和歌山市美園町3-1-14","株式会社ブルースカイ","3546445246081204","05/26","037577560537"
"山内 千明","やまうち ちあき",55,"1968年09月02日","女","B","yamauchi92@example.net","06-6109-1472","080-7938-2201","586-6682","大阪府大阪市生野区新今里3-1-22ソルステージュ416","株式会社コジマ","5597714113334365","05/27","424594302707"
"仲田 治子","なかた はるこ",32,"1991年06月15日","女","O","harukonakata@example.ne.jp","06-6978-0910","080-6449-2087","532-3173","大阪府八尾市本町3-2-14","合同会社ＢＡＴＯ","4584486513775806","08/26","664281174539"
"飯田 未佳","いいだ みか",66,"1957年09月11日","その他・不明","O","iida911@example.co.jp","0267-36-3362","080-9527-7873","384-6177","長野県松本市筑摩3-1-3","","3544020117909775","01/27","729204153302"
"林田 みのり","はやしだ みのり",36,"1987年08月21日","女","B","hayashida_minori@example.com","0548-92-5536","090-4623-7148","413-2328","静岡県静岡市駿河区広野2-1-10","合資会社バッチフラワー協会","4654049324026028","04/28","931560979561"
"作田 慎治","さくた しんじ",67,"1956年10月27日","男","AB","shinjisakuta@example.ne.jp","0946-56-2723","080-7991-9263","806-8420","福岡県福岡市博多区博多駅南2-3-17","","5418876550128506","03/26","772667084248"
"奥村 佳代子","おくむら かよこ",54,"1969年04月08日","女","A","kayoko_okumura@example.org","0466-99-4332","090-4933-1614","259-2893","神奈川県相模原市中央区田名塩田1-5-21サンヴィラ407","合同会社ライフケアひばり","4561984433011606","05/26","062515053501"
"金成 光","かなり ひかる",59,"1964年08月26日","男","AB","kanari_hikaru@example.co.jp","03-1162-8909","090-3875-2617","170-8538","東京都武蔵村山市伊奈平1-3-10","有限会社イマイ","372076467919585","01/26","812599463687"
"柴田 晃弘","しばた あきひろ",53,"1969年12月11日","男","B","shibataakihiro@example.co.jp","09496-4-0023","070-0604-7930","831-9566","福岡県福岡市東区香椎浜ふ頭4-1-10","有限会社岩崎商店","4730528549935186","04/24","895325253794"
"三浦 大","みうら だい",50,"1973年01月01日","男","B","miura11@example.org","0476-82-2715","080-0712-3431","267-5455","千葉県浦安市今川2-4-13","合同会社ヤタガラス","4913974963862200","08/25","734321241348"
"澤井 弘子","さわい ひろこ",52,"1971年08月20日","女","O","sawaihiroko@example.org","0226-66-2575","070-3956-0958","987-2804","宮城県柴田郡柴田町船岡東3-5-20","株式会社シエル","4385634466873034","01/27","590558142156"
"佐藤 浩一","さとう こういち",51,"1972年09月19日","男","B","sato_koichi@example.ne.jp","03-5553-8332","080-9656-2806","136-3683","東京都大田区西六郷2-2-1104","共栄工業株式会社","3529731079177172","04/25","627841122189"
"小林 すみれ","こばやし すみれ",61,"1962年06月13日","女","A","kobayashi_sumire@example.net","0476-05-7457","090-2056-7201","289-4811","千葉県佐倉市ユーカリが丘1-5-12","","4467230122676233","10/24","084931260072"
"古谷 裕香","ふるや ゆか",45,"1978年11月08日","女","O","yukafuruya@example.net","03-1025-2960","070-8137-0050","104-2747","東京都港区六本木1-1-5デュオ408","合名会社スルガヤ薬局","4992965894706577","12/26","198522214617"
"平 祐","たいら ゆう",26,"1997年02月11日","男","A","taira_yuu@example.ne.jp","0562-21-6444","080-1161-4645","496-7205","愛知県名古屋市中区栄2-4-5","株式会社令和","4837985755242792","04/24","754802376930"
"尾崎 邦人","おざき くにひと",72,"1951年06月02日","男","O","kunihitoozaki@example.jp","03-4976-7506","080-0345-3137","193-5498","東京都杉並区上井草2-3-802","","370352823989865","08/26","945200071209"
"佐藤 信之","さとう のぶゆき",44,"1979年09月23日","男","A","nobuyukisato@example.ne.jp","03-5865-6411","090-5938-5700","142-2961","東京都府中市西原町3-2-3","株式会社ネットワーク","373691132099560","10/27","145134140206"
"依田 里美","よだ さとみ",72,"1951年09月21日","その他・不明","A","yoda921@example.com","03-3814-9831","090-5332-2146","148-7558","東京都港区新橋1-4-1109","","5222996137753851","01/25","422854370482"
"吉澤 紀子","よしざわ のりこ",72,"1951年03月11日","女","B","norikoyoshizawa@example.co.jp","0478-18-2396","090-3881-7395","263-6256","千葉県習志野市秋津2-2-4","","373283147757448","02/26","075714998846"
"板倉 宏幸","いたくら ひろゆき",62,"1961年09月01日","男","B","itakura_91@example.co.jp","03-8369-9336","080-7705-8009","127-7919","東京都江東区森下2-3-7","","4746819409581893","07/25","983230863982"
"三浦 幸太郎","みうら こうたろう",23,"2000年05月28日","男","A","kotaroumiura@example.ne.jp","0566-98-2708","090-3178-6813","457-1692","愛知県名古屋市中区栄1-1-5","有限会社シバタ","4959328252950199","04/27","774335890480"
"村田 建一","むらた けんいち",45,"1978年07月22日","男","AB","murata_kenichi@example.jp","0465-75-7755","070-3906-0912","243-2322","神奈川県横浜市鶴見区岸谷2-3-6","株式会社山田製作所","5488770108920164","04/26","755634041509"
"久保 義也","くぼ よしや",60,"1963年09月25日","男","B","yoshiyakubo@example.org","0536-78-4917","080-1720-4168","464-1697","愛知県名古屋市天白区土原1-1-1203","有限会社大阪屋","379400201230005","11/26","993792259455"
"藤木 裕","ふじき ひろし",79,"1944年01月15日","男","A","hiroshi_fujiki@example.net","03-9369-5152","070-3075-0824","102-9381","東京都新宿区高田馬場2-2-3","","376526344381843","07/25","138081106640"
"青山 剛","あおやま つよし",79,"1944年01月10日","男","B","aoyama_tsuyoshi@example.net","06-2036-1699","050-9160-7935","557-8162","大阪府大阪市東住吉区湯里2-2-9グランドプラザ112","","5476524307523186","05/26","008278903975"
"矢野 有美子","やの ゆみこ",55,"1967年12月14日","女","O","yano_yumiko@example.ne.jp","0436-17-0328","090-0318-1469","283-2139","千葉県八千代市高津東2-2-11","株式会社大勝","4307994534101213","04/28","359247748812"
"中村 司","なかむら つかさ",25,"1997年12月23日","男","B","tsukasa_nakamura@example.org","0562-67-1060","080-4762-7330","462-0183","愛知県春日井市高山町2-1-804クレオ507","株式会社ボヌール","3535780957339984","02/24","517755362134"
"野原 由香","のはら ゆか",60,"1963年09月04日","女","AB","noharayuka@example.com","078-314-8632","080-1150-0836","677-6819","兵庫県神戸市中央区橘通2-2-403","志摩養魚合名会社","4474827781377192","06/26","108439030270"
"今井 大貴","いまい たいき",38,"1985年03月15日","男","O","taiki_imai@example.jp","03-3062-3122","090-3536-0292","200-8792","東京都江東区東砂3-5-9ディークラディア101","株式会社ピース","376109333922909","03/25","821840990277"
"上田 泉","うえだ いずみ",67,"1956年10月30日","男","A","ueda_izumi@example.co.jp","01397-1-0225","090-7958-3752","060-5272","北海道札幌市豊平区平岸六条3-1-3","","4558068512597241","06/28","154666401562"
"藤本 祥子","ふじもと しょうこ",33,"1990年01月11日","女","A","fujimoto_shouko@example.ne.jp","06-8146-7647","080-2425-6856","539-9414","大阪府大阪市中央区南船場1-2-9セイワパレス311","株式会社ライジングサン","4076884525563464","08/24","735416511470"
"横田 みほ","よこた みほ",42,"1981年09月11日","女","A","mihoyokota@example.co.jp","093-522-7472","090-7546-5254","835-8707","福岡県大野城市仲畑2-5-7","合同会社ＨＯＳＴＥＰ","5380005373204823","04/24","700654622754"
"勝部 昭","かつべ あきら",61,"1962年02月17日","男","O","katsubeakira@example.co.jp","042-784-1539","090-4261-8606","349-8542","埼玉県蕨市南町3-2-7","","3542275520535144","07/25","504635023056"
"中村 ひろみ","なかむら ひろみ",78,"1945年07月18日","女","B","hirominakamura@example.com","01547-6-8039","090-4897-2901","043-0928","北海道函館市本通3-3-14ディナスティ102","","378072864521011","05/24","845339537224"
"金井 正和","かない まさかず",57,"1966年07月17日","男","O","kanai_717@example.ne.jp","0536-56-1000","080-3048-4168","449-2477","愛知県豊田市昭和町2-2-10","有限会社マルキ","371780166753002","06/25","008499123788"
"藤田 和男","ふじた かずお",63,"1960年01月17日","男","O","fujita_kazuo@example.org","0563-95-7238","090-0815-7425","486-5275","愛知県名古屋市中川区尾頭橋1-3-17","","5402015763943371","04/24","772119846601"
"松本 佑介","まつもと ゆうすけ",35,"1988年09月06日","男","A","yuusukematsumoto@example.org","03-4200-1414","080-5045-0279","117-4780","東京都港区高輪1-5-5","合同会社Ｒｉｓｅ","3558474419585846","07/28","191429774322"
"内田 七重","うちだ ななえ",34,"1989年09月25日","女","A","uchida_925@example.com","06-1394-9572","050-1674-9660","549-7050","大阪府大阪市平野区平野本町3-4-12","株式会社栄光","3584689659691883","01/24","830233218432"
"山内 隆","やまうち たかし",70,"1953年02月27日","男","A","yamauchi_takashi@example.jp","03-0271-9087","080-3143-7801","195-1592","東京都中央区日本橋本町1-4-21","","5328745780827287","07/24","840135525640"
"鶴田 崇","つるた たかし",67,"1956年03月30日","男","O","tsuruta_takashi@example.com","076-714-6846","080-3512-9341","922-9518","石川県金沢市鞍月2-1-16","","4583478811483481","05/26","183461457670"
"河村 等","かわむら ひとし",67,"1955年12月14日","男","O","kawamura_1214@example.org","01658-6-3805","070-7438-0995","009-4976","北海道札幌市中央区大通東3-1-6","","3569042248234519","03/24","425602129684"
"島田 恵利","しまだ えり",70,"1952年12月05日","女","B","eri_shimada@example.jp","0568-04-6139","080-8906-3593","499-8903","愛知県豊田市昭和町2-2-10","","376795714434314","03/28","325894291830"
"宮崎 杏子","みやざき きょうこ",42,"1981年10月08日","女","O","miyazakikyouko@example.ne.jp","03-3344-4836","070-8611-5416","142-0375","東京都葛飾区小菅1-3-304","有限会社サカモト","4556721482363166","11/24","862936923692"
"横須賀 俊英","よこすか としひで",78,"1945年08月23日","男","A","yokosuka_toshihide@example.jp","0745-10-9154","070-5021-8561","637-6067","奈良県奈良市芝辻町1-3-3","","4946270698990247","01/28","024559973005"
"岡嶋 康志","おかじま やすゆき",75,"1948年08月19日","男","A","okajima_yasuyuki@example.ne.jp","03-8298-7998","080-9073-0789","115-4414","東京都江戸川区南葛西1-5-1103","","5107076511668668","12/23","467915397870"
"吉岡 健一","よしおか けんいち",39,"1983年12月17日","男","B","yoshioka_1217@example.org","0794-23-6237","080-0262-5615","666-5656","兵庫県神戸市中央区海岸通2-2-3","有限会社井上","3545369130979995","12/24","970234456759"
"白鳥 修一","しらとり しゅういち",75,"1948年03月24日","男","A","shiratorishuuichi@example.jp","042-253-9758","090-0512-7724","364-8315","埼玉県草加市新栄1-2-10","","377010315387237","08/24","855901535596"
"永井 庸介","ながい ようすけ",69,"1954年10月03日","男","B","yousukenagai@example.net","0480-46-4102","090-4169-4045","364-0672","埼玉県さいたま市北区宮原町2-3-9","","4294016592514023","10/27","307799318510"
"中村 広","なかむら ひろひ",78,"1945年10月22日","男","B","nakamura_1022@example.net","06-0989-0019","070-5077-0433","546-5131","大阪府大阪市中央区南本町1-2-18","","4967524228765220","05/28","735767990898"
"福岡 和也","ふくおか かずや",55,"1968年10月13日","男","B","fukuoka_kazuya@example.net","03-0929-0662","050-3208-7278","163-0654","東京都渋谷区神宮前1-2-606","株式会社フェリス","5465737405878525","08/26","085935382454"
"町田 明子","まちだ あきこ",31,"1992年06月17日","女","O","akikomachida@example.com","046-626-6934","050-9412-9862","243-6041","神奈川県川崎市多摩区長沢1-1-705コボリクラスタ207","合名会社フィールドプロファー","375866012048246","07/24","364308685537"
"倉田 正浩","くらた まさひろ",24,"1999年02月21日","男","O","kuratamasahiro@example.com","03-8739-9264","080-5899-4966","112-6794","東京都港区虎ノ門1-1-19","有限会社山口工務店","4346666848503994","05/25","977881613470"
"藤井 浩太郎","ふじい こうたろう",28,"1995年04月21日","男","A","fujiikotarou@example.ne.jp","03-5677-8023","080-7836-2999","203-2349","東京都江戸川区南小岩1-3-12","","4891906564057679","07/28","694932776652"
"福富 竜也","ふくとみ たつや",29,"1994年10月03日","男","B","fukutomitatsuya@example.ne.jp","0297-36-9239","080-5391-8649","306-8058","茨城県牛久市上柏田2-1-10","筑波興業合名会社","4631718229251851","04/26","828144941746"
"山本 緑","やまもと みどり",79,"1944年03月28日","女","AB","midori_yamamoto@example.ne.jp","03-9966-9961","090-8770-6774","173-5593","東京都新宿区西新宿2-2-5","","5467687575351464","03/25","778872279009"
"藤原 和幸","ふじわら かずゆき",57,"1966年06月29日","男","A","fujiwara629@example.ne.jp","0287-61-7535","050-9112-5023","321-5228","栃木県宇都宮市一条1-1-5クラシコ612","有限会社ミック","3578807131854360","08/27","439952777892"
"松田 結","まつだ ゆい",45,"1978年07月04日","その他・不明","A","yuimatsuda@example.co.jp","022-809-2034","090-5982-2216","980-4191","宮城県仙台市太白区西多賀3-1-909","合資会社オサオサ","3543950142387863","10/28","481606379461"
"杉野 淳子","すぎの じゅんこ",21,"2002年09月26日","女","O","sugino_junko@example.org","0875-36-7864","090-4253-0441","760-3234","香川県高松市福岡町4-3-3","株式会社トーホー","376093767395727","09/28","303503227102"
"高田 弘子","たかだ ひろこ",46,"1977年03月03日","その他・不明","O","hirokotakada@example.ne.jp","01397-4-1470","070-5450-7698","068-0503","北海道札幌市南区南沢二条2-2-702","合同会社ＨＥＲＡＴＨ","372439581025350","06/26","341990963543"
"大元 純一","おおもと じゅんいち",37,"1985年11月28日","男","AB","omotojunichi@example.com","0495-23-6184","090-8180-3449","362-1652","埼玉県川口市南鳩ヶ谷3-3-4","合同会社石垣","5307499906305985","10/28","732872291939"
"林田 昌彦","はやしだ まさひこ",76,"1947年05月19日","男","A","hayashida519@example.ne.jp","0796-64-9530","080-5168-7290","665-6279","兵庫県神戸市中央区旭通2-5-14フラット208","","5114399486124843","02/28","508252606096"
"小林 由貴","こばやし よしたか",55,"1968年05月22日","女","A","kobayashiyoshitaka@example.org","0573-55-1441","050-7257-3673","502-2604","岐阜県関市鋳物師屋2-3-6","有限会社リーフ","4992719641989931","03/28","223654659418"
"高橋 恵里香","たかはし えりか",61,"1962年01月01日","女","B","erikatakahashi@example.org","0282-38-8482","090-9870-0462","326-5560","栃木県下野市医大前1-3-12","","377144951240366","06/26","043098718029"
"岩佐 舞","いわさ まい",75,"1948年11月02日","女","O","iwasa_mai@example.com","06-8366-1110","090-7452-7900","563-0741","大阪府大阪市天王寺区勝山3-2-10","","4383253406719611","02/25","293247156965"
"下條 和史","しもじょう かずし",26,"1997年10月02日","男","A","shimojoukazushi@example.net","0737-67-9182","070-4480-5559","649-9027","和歌山県和歌山市本町1-2-7","株式会社マスト","377456769829143","06/27","195490206235"
"梶 一代","かじ かずよ",61,"1962年06月02日","女","B","kaji_kazuyo@example.jp","03-9077-8859","090-7804-8704","206-4001","東京都葛飾区青戸1-1-10","","3584754141201202","01/27","472471945810"
"柴田 太郎","しばた たろう",68,"1955年04月02日","男","AB","taroushibata@example.jp","0465-08-0806","070-6960-1960","218-8981","神奈川県川崎市多摩区宿河原3-4-19","","4525301961677317","11/25","033532433237"
"芳田 真衣","よしだ まい",54,"1969年03月26日","女","A","yoshida_326@example.org","03-4682-4879","050-7096-2653","206-1243","東京都練馬区練馬4-2-10","株式会社フレア","3584210450939338","10/25","000273257900"
"藤田 浩一","ふじた こういち",75,"1948年02月28日","男","A","koichi_fujita@example.net","0494-60-2228","070-8536-2296","351-0469","埼玉県北本市荒井3-3-10","","5328153915939590","01/25","856883737719"
"中田 雄太","なかた ゆうた",44,"1978年12月19日","男","AB","nakata_yuuta@example.jp","03-0455-6439","050-4238-0486","148-5859","東京都江戸川区東小岩1-2-20プレステージ111","合同会社山林舎","5147463764306059","03/28","418465803848"
"牧田 翔","まきた しょう",25,"1998年07月25日","その他・不明","A","shou_makita@example.net","03-1678-6639","080-9241-4241","190-3379","東京都千代田区麹町3-5-109","合資会社丸正","3579474643505839","03/28","045369764040"
"村田 瞳","むらた ひとみ",28,"1995年05月19日","女","B","muratahitomi@example.co.jp","043-720-0301","080-6043-7531","299-9289","千葉県船橋市市場4-2-7","村越建築板金有限会社","378278728637535","12/25","418374068754"
"安川 正子","やすかわ まさこ",23,"2000年10月31日","女","O","yasukawamasako@example.org","0466-93-6781","080-9756-9186","251-3720","神奈川県川崎市麻生区王禅寺西1-5-19","","5230912833126359","04/27","136115051023"
"石橋 尚美","いしばし なおみ",73,"1950年01月12日","女","O","naomiishibashi@example.ne.jp","03-5701-6021","070-3360-2086","100-0203","東京都葛飾区南水元2-2-14カサベラ508","","5207574288247350","05/27","503305863787"
"北嶋 雄太","きたじま ゆうた",46,"1976年12月30日","男","A","kitajima_yuuta@example.jp","06-8668-7605","090-0611-2373","597-5494","大阪府箕面市小野原東2-2-6","合名会社茨城裕生","5596161867477050","01/26","382924027070"
"菱川 有司","ひしかわ ゆうじ",55,"1968年06月01日","男","O","yuuji_hishikawa@example.co.jp","03-9641-6101","070-7643-0182","133-9927","東京都豊島区南池袋4-1-7アインス211","株式会社HIRO","371890795840128","09/28","454608384279"
"吉田 恵理香","よしだ えりか",59,"1964年07月11日","女","A","yoshida711@example.jp","03-8400-7671","080-8063-8000","184-6693","東京都港区高輪3-2-7","株式会社中川","5441330192342282","07/24","143958299627"
"佐藤 一也","さとう かずや",28,"1994年12月27日","男","O","sato_1227@example.jp","03-1009-1292","070-5189-5794","157-1351","東京都品川区戸越3-5-21","第一建設有限会社","374039348908548","01/26","705167660014"
"平手 みき","ひらて みき",35,"1988年05月06日","女","O","hirate_56@example.jp","03-3782-6419","090-6717-0523","209-0925","東京都杉並区高円寺南2-5-16","","4251526710951122","05/26","509774536531"
"川瀬 真仁","かわせ まさひと",65,"1958年05月22日","男","A","kawase_masahito@example.co.jp","03-1261-1604","090-4236-8504","169-3320","東京都渋谷区広尾4-3-5","","4579367687597928","12/26","570015933748"
"堤 敦","つつみ あつし",25,"1998年05月14日","男","A","tsutsumi514@example.org","044-334-7386","080-4781-0825","245-5845","神奈川県茅ヶ崎市高田2-1-16","株式会社ネクサス","379522877881389","04/26","861755376162"
"春野 文枝","はるの ふみえ",35,"1988年05月14日","その他・不明","A","haruno_fumie@example.net","03-1232-0943","050-4244-4291","124-4775","東京都台東区台東2-1-3","有限会社寿屋","5135513086538518","01/28","602748777644"
"高橋 登志男","たかはし としお",79,"1944年04月12日","男","O","takahashi_412@example.co.jp","03-3495-2474","090-0434-7028","146-6406","東京都西多摩郡瑞穂町長岡2-4-7","","372999299394604","04/25","503681344898"
"村上 里絵","むらかみ りえ",41,"1981年12月08日","女","O","murakamirie@example.com","04-4250-1047","090-8110-5134","339-1518","埼玉県川口市並木2-4-5エバーグリーン116","","4660941397001791","08/25","595407362822"
"奥村 学","おくむら まなぶ",58,"1965年05月13日","男","O","manabu_okumura@example.org","0439-06-7698","080-9211-4023","289-6288","千葉県船橋市三山2-4-4","株式会社アルテ","4131843855183163","11/25","301800194172"
"日笠 大輔","ひかさ だいすけ",43,"1980年11月22日","男","B","hikasadaisuke@example.ne.jp","0794-58-8384","050-9719-4423","660-7305","兵庫県神戸市垂水区福田1-3-6","五光産業有限会社","373507193753103","07/28","477393784661"
"中村 肇","なかむら はじめ",22,"2001年02月03日","男","A","nakamura_hajime@example.com","03-3656-6465","070-6527-1060","122-5965","東京都足立区梅田1-3-203マンション106","","4927372963013128","08/25","224802456196"
"足立 幸一","あだち こういち",37,"1986年09月13日","男","B","adachi913@example.co.jp","0438-50-0323","080-9324-4182","267-7035","千葉県柏市逆井3-5-12","株式会社KMC","4425743779106917","02/27","243183691295"
"西本 教子","にしもと みちこ",34,"1989年02月12日","女","O","nishimoto_212@example.jp","03-5555-8950","090-3508-0753","137-5534","東京都多摩市諏訪1-1-8","有限会社木村商事","4120222374453154","05/28","031514356958"
"小池 さちこ","こいけ さちこ",51,"1972年08月10日","女","O","koikesachiko@example.co.jp","03-9336-7075","080-4528-0826","102-0708","東京都品川区荏原2-3-18サンロイヤル209","合資会社三泗不動産商事","373349018823609","08/28","910455875052"
"伊藤 達也","いとう たつや",31,"1991年12月03日","男","A","ito_123@example.com","0794-37-0145","070-8663-0088","671-4994","兵庫県姫路市下手野1-3-10","合資会社呉虫園","372324485902963","10/25","279137068871"
"梅田 祐介","うめだ ゆうすけ",33,"1990年04月12日","男","A","yuusukeumeda@example.com","048-144-1769","070-7963-9438","345-9408","埼玉県さいたま市中央区新中里3-2-8","株式会社クレッシェンド","5197297574467050","04/28","013951556445"
"柳井 佳代子","やない かよこ",40,"1983年05月20日","女","B","yanai_kayoko@example.org","03-6784-9632","080-5102-3629","163-1149","東京都大田区蒲田2-1-808","合名会社染谷農機工作所","372380335996563","02/27","498488055648"
"水野 守孝","みずの もりたか",50,"1973年01月06日","男","O","moritaka_mizuno@example.org","0247-81-3923","050-7010-2609","972-8412","福島県郡山市菜根2-2-19","合名会社上野模型店","5150368634059545","06/25","338412474431"
"木村 大作","きむら だいさく",51,"1972年02月20日","男","A","kimura_daisaku@example.com","06-5907-0106","080-5254-2293","569-8201","大阪府守口市南寺方東通3-5-11","合資会社桑名商事","3586714327703528","12/27","123211520102"
"上山 稔","うえやま みのる",79,"1944年06月11日","男","A","ueyama611@example.co.jp","0987-05-2747","050-0394-4059","881-3654","宮崎県宮崎市城ケ崎2-2-3","","5313984589724620","12/24","980363311959"
"一瀬 浩輝","いちのせ ひろき",38,"1985年06月19日","男","A","hirokiichinose@example.net","01587-9-7104","080-8928-3222","005-6964","北海道札幌市南区南沢四条2-1-10","合同会社ハートライン","3530727192608249","08/25","546829546925"
"中田 智子","なかた ともこ",20,"2003年08月19日","その他・不明","A","tomokonakata@example.com","03-9782-1585","050-4002-6001","112-4485","東京都杉並区井草3-4-16","合名会社通商保険","5554832254592830","06/26","056948854339"
"島田 大雄","しまだ ひろし",37,"1986年02月23日","その他・不明","O","shimadahiroshi@example.ne.jp","0565-56-5002","070-0194-6183","478-7551","愛知県名古屋市名東区高針4-1-4","有限会社中川商店","4716190489680237","12/27","255265992690"
"田中 裕也","たなか ゆうや",78,"1944年12月18日","その他・不明","O","tanaka_1218@example.org","03-6142-4407","090-9811-4229","129-9638","東京都小金井市貫井南町3-1-10パルコート603","","3575979761641459","09/27","741139342020"
"澤田 武司","さわだ たけし",26,"1997年11月04日","男","A","takeshisawada@example.net","06-1636-6724","090-8702-2011","549-0954","大阪府守口市寺方本通2-1-6","合名会社大衆食堂偕楽","377693006878208","01/24","931652906862"
"野本 友和","のもと ともかず",70,"1953年05月12日","男","A","nomototomokazu@example.org","03-1947-2495","090-6887-7371","153-2681","東京都荒川区東尾久1-1-7オーガスタコート216","","4586653455975813","08/25","800737361116"
"川口 知代","かわぐち ともよ",32,"1991年02月19日","女","AB","kawaguchi_tomoyo@example.net","03-5038-1549","080-2230-0928","203-6656","東京都品川区西五反田1-5-20アインス504","合名会社ネッツコーポレーション","4878977951161728","09/28","353538012572"
"菊川 周平","きくかわ しゅうへい",44,"1979年04月16日","男","O","kikukawa_shuuhei@example.com","06-2450-4567","050-1030-8611","548-5128","大阪府枚方市山之上4-2-4","株式会社フェリーチェ","370095642896767","06/26","333724080374"
"高橋 義明","たかはし よしあき",39,"1984年06月24日","男","O","yoshiaki_takahashi@example.jp","096-404-8339","050-4070-3524","863-4866","熊本県熊本市中央区新町2-3-8","ＬＵＣＫ","5374247463363535","03/26","750028186044"
"伊藤 聡","いとう あきら",27,"1995年11月26日","男","O","ito_1126@example.net","03-7742-9432","050-4879-6328","207-4954","東京都府中市浅間町4-1-9","瀧藤合名会社","5292255286967415","01/28","612620884613"
"山田 彩花","やまだ あやか",54,"1969年09月11日","女","O","yamada_911@example.net","045-602-0629","050-0704-3137","220-1365","神奈川県横須賀市根岸町2-3-1003サンライズ108","有限会社クラフト","4219849039221907","03/27","395343349313"
"矢野 リカ","やの りか",45,"1977年12月31日","女","A","yano_rika@example.org","0944-79-7178","090-1449-5425","864-7457","熊本県熊本市北区清水万石1-2-6","株式会社ゼスト","379937945802565","03/26","823205172617"
"土橋 猛","どばし もう",61,"1962年01月31日","男","O","dobashi131@example.co.jp","06-8766-7096","050-5774-8853","561-7047","大阪府箕面市小野原東1-1-3","","5258078851692651","03/27","482223856068"
"浅井 貴","あさい たかし",37,"1986年11月02日","男","A","asai112@example.ne.jp","0296-67-4953","050-1492-9649","305-9968","茨城県つくば市春日2-5-1205","つるや商事有限会社","377483305625751","10/25","569695319439"
"武田 健吉","たけだ けんきち",72,"1951年07月09日","男","O","kenkichi_takeda@example.net","0466-10-8567","080-7761-8952","242-8546","神奈川県横須賀市津久井3-1-7","","4081942209856753","04/28","560169624416"
"橋本 聡","はしもと あきら",53,"1970年07月03日","男","B","hashimoto_73@example.ne.jp","0564-39-5252","090-5396-2496","482-1653","愛知県名古屋市中区大須2-1-6","合名会社青雲荘","5578791696740740","12/26","164679350245"
"和田 由妃","わだ ゆき",38,"1985年08月13日","女","O","wada813@example.ne.jp","01457-5-4288","050-2558-2475","068-1217","北海道札幌市南区藤野三条2-1-10","株式会社シーズン","5386239786526183","12/25","888486857626"
"藤森 康輔","ふじもり こうすけ",33,"1990年04月05日","男","O","kosuke_fujimori@example.co.jp","0479-79-2188","070-0245-0139","289-9795","千葉県流山市西初石2-3-701","株式会社匠","5255935244122352","02/27","599182203334"
"田中 俊介","たなか しゅんすけ",72,"1951年03月03日","男","A","tanakashunsuke@example.jp","0257-32-6799","050-2975-6656","959-2069","新潟県新潟市西区五十嵐中島3-1-7スワローハイツ709","","3529414028778917","01/25","927153475640"
"鈴木 寧","すずき ねい",49,"1974年11月13日","男","A","neisuzuki@example.net","092-541-8030","050-9027-7002","802-6385","福岡県福岡市博多区東比恵1-1-10","山光木材生産合名会社","378859252686384","10/25","268093841150"
"近藤 一馬","こんどう かずま",21,"2002年08月10日","男","O","kondou_kazuma@example.org","0799-60-5167","050-6511-6546","672-7851","兵庫県神戸市北区小倉台1-1-14","合資会社花いちもんめ","4740263910563775","09/25","820522656388"
"飯塚 隆司","いいづか りゅうじ",32,"1991年11月18日","男","O","ryuujiiizuka@example.co.jp","06-3241-9795","050-7879-0959","555-4623","大阪府大阪市浪速区桜川2-1-906グランステイツ809","有限会社コンフォート","4873620933690092","04/28","957924754667"
"山本 聡子","やまもと さとこ",79,"1944年11月12日","女","A","satokoyamamoto@example.jp","022-051-8322","080-7397-4823","989-0498","宮城県仙台市若林区大和町2-1-21","","3582078456704200","12/24","090282115980"
"山本 博康","やまもと ひろやす",70,"1953年07月18日","男","A","yamamoto_718@example.co.jp","03-4449-0388","090-4645-2758","188-1909","東京都港区南青山2-2-6","","5507418806580271","08/28","464369541206"
"小岩井 義朗","こいわい よしあき",46,"1977年09月19日","男","O","koiwai919@example.net","06-8912-7105","090-7290-4661","538-6983","大阪府大阪市淀川区塚本2-1-1102デュオ614","株式会社エンゼル","4593008100125028","11/26","792798582325"
"丸山 愛","まるやま あい",67,"1955年12月26日","女","O","maruyama_ai@example.ne.jp","03-7558-1440","080-1037-3870","165-9385","東京都中野区中野1-5-309グランピア208","","4391765111008006","12/27","485882934091"
"泉 俊之","いずみ としゆき",30,"1992年12月15日","男","O","izumi_toshiyuki@example.org","03-4544-9655","070-9784-9976","157-6764","東京都町田市金森東3-1-8","有限会社近藤商店","376617298298552","03/26","088111080156"
"川瀬 恭行","かわせ やすゆき",47,"1976年04月27日","男","B","kawase_427@example.org","03-7424-9679","050-2901-3824","151-2755","東京都世田谷区上野毛1-1-18","","3550458031474594","10/24","824757184420"
"岩下 昌樹","いわした まさき",50,"1973年07月03日","男","B","masaki_iwashita@example.org","0278-87-7481","080-2600-0492","371-7840","群馬県桐生市相生町2-3-8","株式会社ワールド","4752461468286170","08/24","803780151523"
"中川 秀明","なかがわ ひであき",26,"1997年08月17日","男","O","nakagawahideaki@example.net","06-4807-6843","080-3655-8240","570-5248","大阪府大阪市淀川区東三国2-3-3","有限会社オーテック","3550666925983302","08/27","135139329808"
"山本 貴子","やまもと たかこ",60,"1963年11月10日","女","A","takakoyamamoto@example.co.jp","03-2475-8669","080-8730-1047","193-2859","東京都渋谷区恵比寿3-3-3リッツ502","有限会社渡辺工務店","4765299302304584","01/28","315989815297"
"高橋 有子","たかはし ゆうこ",27,"1996年06月29日","女","A","takahashi_yuuko@example.ne.jp","047-095-8504","080-9474-7265","291-9508","千葉県松戸市日暮4-2-6","有限会社大和工業","4459440467944159","02/25","292853750728"
"山口 恵子","やまぐち けいこ",60,"1963年04月04日","女","O","yamaguchi_44@example.net","048-243-1307","050-5182-2901","333-0194","埼玉県さいたま市岩槻区府内3-3-4","エネルギーサポート合同会社","379318763954905","08/28","877871320763"
"小畑 英生","おばた ひでお",57,"1966年10月07日","男","A","obatahideo@example.com","0968-17-5693","080-9057-6530","865-4832","熊本県熊本市西区春日3-1-6","合名会社舟橋薬品","4562676222746215","05/24","323810648450"
"日下 真美","くさか まみ",65,"1958年06月08日","女","B","mamikusaka@example.co.jp","0574-88-6368","090-4269-9636","500-1330","岐阜県羽島市福寿町間島1-1-10","","3567667131350600","01/28","361708241248"
"塩澤 裕典","しおざわ ひろのり",66,"1957年02月06日","男","B","shiozawa_hironori@example.com","0495-99-8027","090-4387-9812","362-1991","埼玉県川口市本町1-5-17","","371995262146642","09/24","963426871834"
"美濃 里美","みの さとみ",70,"1952年11月28日","女","O","satomimino@example.ne.jp","03-1649-8589","080-8746-3240","169-6657","東京都品川区東大井2-2-22","","4532151602041956","09/24","184839079285"
"相良 順子","さがら じゅんこ",39,"1984年02月12日","女","B","junko_sagara@example.jp","01558-3-4658","080-2845-2232","056-0102","北海道旭川市流通団地二条2-1-7","株式会社ブルースカイ","5311500469770525","05/24","980926582687"
"樽井 光敏","たるい みつとし",57,"1966年10月29日","男","O","tarui1029@example.org","03-1379-3285","070-9126-8969","181-4769","東京都足立区西新井4-3-4","合資会社北農園","5452307688603993","11/28","229860574397"
"赤司 尚人","あかし ひさと",49,"1974年07月23日","男","A","akashi_723@example.co.jp","045-846-4103","080-4223-5193","231-1351","神奈川県横浜市港北区新吉田東1-1-10","有限会社キムラ","5200380437447371","01/25","358408492027"
"田島 彩","たじま あや",59,"1964年07月03日","女","A","aya_tajima@example.ne.jp","03-0825-7141","050-7009-5914","174-1753","東京都町田市玉川学園2-1-202","有限会社中村工務店","3566207219247146","05/28","972293184927"
"三原 隆一","みはら りゅういち",63,"1960年01月29日","男","B","mihararyuuichi@example.com","0536-65-0171","090-2204-8315","440-2618","愛知県名古屋市昭和区南分町2-2-1006エンゼルハイム614","","5517170586369064","07/28","167832470335"
"大島 一徳","おおしま かずのり",26,"1997年05月06日","男","B","kazunorioshima@example.co.jp","03-9580-7179","080-7157-8947","190-7934","東京都千代田区九段北1-2-8","株式会社池田商店","3565455891403419","05/28","604212269525"
"井上 伸明","いのうえ のぶあき",21,"2002年01月24日","男","B","inoue_nobuaki@example.jp","03-4861-8529","050-9481-8835","198-0324","東京都豊島区池袋3-1-12","株式会社サンロード","5244895972181836","07/27","045739872840"
"廣田 誠之","ひろた まさゆき",57,"1966年02月17日","男","O","masayuki_hirota@example.net","06-9941-4804","050-1297-9305","577-7052","大阪府四條畷市岡山3-5-15","合名会社佐藤呉服店","5144193034720895","02/28","509508120095"
"中村 大","なかむら だい",47,"1976年02月26日","男","O","dai_nakamura@example.org","092-948-7566","050-7062-1020","801-0962","福岡県大野城市仲畑2-3-4","有限会社フジヤ","3582814681563080","01/24","087504159459"
"田口 拓真","たぐち たくま",31,"1992年01月17日","男","A","takuma_taguchi@example.net","0460-59-6695","070-6006-0605","244-5213","神奈川県横浜市港南区日限山3-1-9ガーデンハウス313","合同会社祥","5368469601884242","01/27","820135125544"
"諏訪 瑛","すわ あきら",37,"1986年06月20日","男","A","akirasuwa@example.com","03-8220-4845","080-8343-3416","111-6498","東京都葛飾区亀有2-1-13デュオ207","株式会社アッシュ","4189777451135329","06/28","236050356500"
"伊藤 蓮","いとう はちす",69,"1954年03月23日","男","B","ito323@example.org","043-770-3557","090-0235-3885","279-5384","千葉県富里市日吉台3-2-14アーク110","","3536824157119843","06/28","315835551793"
"加藤 輝","かとう あきら",62,"1961年05月15日","男","A","kato_515@example.com","03-2341-6435","070-8500-7025","170-3128","東京都渋谷区代々木2-3-7","","4677552960496721","03/25","425039180481"
"吉田 謙","よしだ けん",29,"1994年03月21日","男","A","yoshida_321@example.ne.jp","0436-76-3458","090-4514-6419","291-9126","千葉県木更津市太田1-2-7ローレルハイツ709","合名会社桑山運送店","4020322983351723","07/27","053015483101"
"中本 達也","なかもと たつや",30,"1993年10月04日","男","A","tatsuya_nakamoto@example.jp","0797-26-3723","070-3183-3990","667-6130","兵庫県神戸市灘区岸地通3-3-3グランミュゼ802","合資会社小川屋酒店","3572957976467657","09/26","788591008427"
"香取 やよい","かとり やよい",60,"1963年07月27日","女","B","yayoi_katori@example.co.jp","0867-39-0040","090-4071-7993","710-1996","岡山県岡山市中区平井3-1-7","株式会社東邦","374578028242017","03/27","112195324576"
"浅沼 和則","あさぬま かずのり",33,"1990年05月07日","男","A","asanuma_57@example.net","044-769-6164","050-9551-3231","233-3340","神奈川県川崎市川崎区大島2-3-4","有限会社イデア","5105028535063899","06/27","369808411508"
"冨安 将人","とみやす まさと",62,"1961年08月10日","男","O","tomiyasumasato@example.ne.jp","0465-51-9428","070-1581-8094","238-3228","神奈川県海老名市東柏ケ谷1-2-3","","4590526516399310","06/25","827434317713"
"三原 輔","みはら たすく",40,"1982年12月15日","男","O","tasukumihara@example.com","0967-44-8156","080-8110-0588","865-5717","熊本県熊本市東区長嶺東4-1-6プチ803","有限会社オークス","4045824769946700","09/25","433921652821"
"今富 裕行","いまとみ ひろゆき",53,"1970年09月20日","男","A","imatomihiroyuki@example.jp","03-0052-1448","090-4694-4284","110-7253","東京都目黒区上目黒3-3-1208","合名会社北岩商店","5183606191395120","06/24","027985664922"
"岩見 裕子","いわみ ゆうこ",69,"1954年05月24日","女","B","iwamiyuuko@example.net","0948-19-7422","090-7230-5860","838-6118","福岡県福岡市東区香椎照葉4-2-7アーバンライフ305","","371800711247795","03/24","637123977589"
"仲田 洋平","なかた ようへい",79,"1944年06月28日","男","A","youhei_nakata@example.jp","03-1992-9276","090-9204-7281","166-2298","東京都新宿区西新宿2-5-20","","4535334527388507","03/26","542688318731"
"大塚 茂","おおつか しげる",36,"1987年11月08日","男","O","otsuka_shigeru@example.co.jp","084-017-2873","070-2284-7464","727-9828","広島県広島市西区南観音1-1-3","株式会社サンキ","5144646753522297","11/25","464783057820"
"坂本 要","さかもと かなめ",77,"1946年06月04日","男","O","kaname_sakamoto@example.org","026-040-4123","070-3917-3377","381-8366","長野県諏訪市沖田町3-2-13","","5112118310791664","10/24","008287885220"
"藤澤 哲志","ふじさわ さとし",30,"1993年04月03日","男","B","satoshi_fujisawa@example.net","03-0932-2610","090-2946-0519","141-0718","東京都世田谷区経堂3-3-506リベール108","株式会社TKS","375101821794883","07/28","471879091171"
"石山 篤史","いしやま あつし",24,"1999年09月04日","男","B","ishiyama94@example.org","03-6119-4309","090-7926-0835","185-4877","東京都中央区八丁堀2-5-803","株式会社吉田","5295584773385048","01/28","117481367004"
"田代 朋美","たしろ ともみ",70,"1953年02月17日","女","A","tomomitashiro@example.jp","0163-72-7807","090-6487-0171","059-2965","北海道苫小牧市柳町3-2-20","","4899615513481128","08/25","572813114007"
"藤本 哲司","ふじもと さとし",57,"1965年12月05日","男","O","fujimoto_satoshi@example.jp","0463-17-3432","050-1610-9105","241-7212","神奈川県横浜市都筑区荏田東4-2-5","","376645944316924","07/24","027049331784"
"志賀 紗希","しが さき",65,"1958年04月12日","その他・不明","B","shiga_412@example.jp","03-9317-0842","090-8038-4168","128-0903","東京都青梅市河辺町1-1-3","","373734753358160","10/24","437840318523"
"後藤 愛","ごとう あい",29,"1994年01月22日","女","B","aigoto@example.net","049-237-3005","090-1042-4213","342-9360","埼玉県草加市松原3-3-6シャトード313","有限会社アポロ","4318378169421947","06/27","086067328924"
"大内 佐知子","おおうち さちこ",24,"1998年12月23日","女","A","sachikoouchi@example.net","0480-74-5795","050-2988-1594","359-3160","埼玉県さいたま市緑区東浦和3-3-3","合資会社アウル","378037249238292","07/24","327328992905"
"亀田 圭吾","かめだ けいご",70,"1953年01月07日","男","O","kameda_keigo@example.net","0257-42-5988","080-2817-8320","943-4530","新潟県新潟市中央区紫竹山1-3-14","","4651397877106959","04/26","321366992066"
"武田 哲哉","たけだ てつや",52,"1971年11月18日","男","A","takedatetsuya@example.net","042-387-6162","090-4181-6104","354-4199","埼玉県入間市小谷田1-1-602","合名会社米藤金物店","5567186307223900","09/25","981120277988"
"山田 貴子","やまだ たかこ",26,"1997年04月25日","女","O","takako_yamada@example.com","03-1544-2087","050-5413-5704","158-4447","東京都新宿区高田馬場3-2-5","合資会社レトロフィット","4149283530863659","02/26","223522460400"
"酒井 博","さかい ひろし",74,"1949年09月26日","男","A","hiroshi_sakai@example.org","0740-14-9977","090-6459-6567","527-6734","滋賀県守山市勝部4-1-5","","3577915251969297","10/24","341169165450"
"長瀬 慶明","ながせ よしあき",61,"1962年02月12日","男","A","yoshiakinagase@example.org","0594-66-8418","080-1909-0367","514-0775","三重県鈴鹿市算所2-2-1008","","5240404965698742","07/24","702306107369"
"本田 佳江","ほんだ よしえ",33,"1990年03月21日","女","O","honda_321@example.jp","03-3287-6101","090-0099-9528","127-2291","東京都渋谷区神宮前4-1-7","有限会社ライズ","5489779498433190","01/28","260283581391"
"武藤 憲司","むとう けんじ",28,"1995年03月22日","男","O","mutokenji@example.jp","03-3180-1669","070-2737-8287","116-0563","東京都渋谷区千駄ヶ谷2-3-21","合名会社山畑組","5121875354543652","10/26","489640152540"
"宍倉 美穂","ししくら みほ",28,"1995年10月13日","女","A","shishikura1013@example.ne.jp","03-9269-8802","070-6024-5292","137-6393","東京都板橋区徳丸2-3-20","株式会社吉建","3533344934571797","02/25","431496840357"
"鈴木 智哉","すずき ともや",64,"1959年02月01日","男","O","tomoyasuzuki@example.co.jp","0460-50-7551","090-1284-3878","242-1866","神奈川県横浜市中区長者町2-4-9","","5272137479199879","01/27","958942685342"
"石崎 美晴","いしざき みはる",39,"1984年10月17日","女","B","miharu_ishizaki@example.ne.jp","06-6331-9875","070-2959-6744","578-2569","大阪府松原市三宅中3-3-803","株式会社長谷川商店","3546549428798426","07/24","186489063189"
"菅原 将之","すがわら まさゆき",45,"1978年05月24日","男","A","masayukisugawara@example.net","0735-60-2032","070-3630-0521","645-4905","和歌山県和歌山市本町3-4-509","合名会社青雲荘","4017275404187636","07/26","290635941845"
"梶本 倫子","かじもと のりこ",33,"1990年05月19日","女","A","kajimotonoriko@example.org","03-8429-7053","090-9336-6387","169-0707","東京都港区西麻布3-3-10","ＳＫ","371717493634612","09/24","894500055112"
"勝部 健司","かつべ けんじ",43,"1979年12月14日","男","B","katsube_kenji@example.jp","06-9249-0094","080-8584-7470","556-9325","大阪府大阪市東住吉区北田辺1-5-204","株式会社ネクステージ","3581931391380232","10/28","082415564704"
"堀江 美紀","ほりえ みき",54,"1969年01月18日","女","B","horie_miki@example.net","01466-5-8707","080-0868-3708","002-7172","北海道札幌市清田区清田一条3-1-15","有限会社ジャスティス","5504287566383884","10/25","957893854501"
"前川 かおり","まえかわ かおり",48,"1975年01月09日","女","O","maekawakaori@example.net","03-4959-1230","080-1947-1603","204-4182","東京都足立区島根3-1-3","磯部運送合資会社","379138803084475","04/26","638912684606"
"山田 総一郎","やまだ そういちろう",75,"1947年12月10日","男","A","yamada_1210@example.net","0736-27-0191","050-6158-9706","649-6819","和歌山県和歌山市元寺町1-1-10","","4528106918740135","12/25","296526498794"
"金城 博之","きんじょう ひろゆき",66,"1957年04月26日","男","O","kinjou426@example.net","0533-43-0591","080-8698-6577","474-0074","愛知県一宮市せんい2-1-3","","3542935499727333","01/24","649166553225"
"坂井 けい子","さかい けいこ",33,"1989年12月18日","女","B","sakai1218@example.jp","0291-86-1183","080-6711-1975","310-7215","茨城県日立市川尻町3-2-106","","5476645902149836","08/25","203107809773"
"前田 緑","まえだ みどり",41,"1982年07月06日","男","O","maedamidori@example.co.jp","0548-07-4252","050-5602-1518","420-3064","静岡県静岡市駿河区用宗1-1-10ベル611","株式会社ルミエール","3532502090510427","05/28","881259167422"
"村上 亮佑","むらかみ りょうすけ",48,"1975年06月21日","男","O","murakami_621@example.co.jp","022-591-6413","070-9440-8497","988-0599","宮城県仙台市泉区長命ケ丘2-1-9","株式会社レグルス","379988103884887","12/27","571056016845"
"桑原 由佳子","くわばら ゆかこ",37,"1986年09月01日","女","B","yukakokuwabara@example.jp","03-8890-0142","070-7655-9044","117-6992","東京都港区虎ノ門2-3-21パストラルハイム712","Ｎｅｗビリーブ合同会社","4744495259150030","09/28","625964313059"
"小山田 恵美子","おやまだ えみこ",20,"2003年07月25日","女","A","oyamada_725@example.com","0234-84-4064","050-9936-0514","991-9706","山形県酒田市光ケ丘3-3-4","有限会社ナカニシ","372654173904016","12/23","629205580420"
"内田 佳奈子","うちだ かなこ",26,"1997年03月12日","女","O","uchida_312@example.jp","03-9574-1971","090-0486-8357","141-2877","東京都渋谷区恵比寿4-1-8","","5362643576289035","05/25","977531145147"
